pitch_type,game_date,release_speed,release_pos_x,release_pos_z,player_name,batter,pitcher,events,description,spin_dir,spin_rate_deprecated,break_angle_deprecated,break_length_deprecated,zone,des,game_type,stand,p_throws,home_team,away_team,type,hit_location,bb_type,balls,strikes,game_year,pfx_x,pfx_z,plate_x,plate_z,on_3b,on_2b,on_1b,outs_when_up,inning,inning_topbot,hc_x,hc_y,tfs_deprecated,tfs_zulu_deprecated,fielder_2,umpire,sv_id,vx0,vy0,vz0,ax,ay,az,sz_top,sz_bot,hit_distance_sc,launch_speed,launch_angle,effective_speed,release_spin_rate,release_extension,game_pk,pitcher,fielder_2,fielder_3,fielder_4,fielder_5,fielder_6,fielder_7,fielder_8,fielder_9,release_pos_y,estimated_ba_using_speedangle,estimated_woba_using_speedangle,woba_value,woba_denom,babip_value,iso_value,launch_speed_angle,at_bat_number,pitch_number,pitch_name,home_score,away_score,bat_score,fld_score,post_away_score,post_home_score,post_bat_score,post_fld_score,if_fielding_alignment,of_fielding_alignment
SL,7/30/18,81.4,-2.0354,5.9955,Kenta Maeda,592885,628317,field_out,hit_into_play,,,,,9,Christian Yelich grounds out softly to first baseman Max Muncy.  ,R,L,R,LAD,MIL,X,3,ground_ball,0,2,2018,0.687,0.0457,0.5319,1.6506,null,null,null,1,4,Top,158.6,165.89,,,518735,,180731_040841,4.4095,-118.2672,-3.1523,5.3743,23.1695,-31.4092,3.49,1.601,3,56.8,-30.014,79.979,2466,5.455,531005,628317,518735,571970,400284,592518,621035,592626,641355,624577,55.0441,0.052,0.05,0,1,0,0,1,34,3,Slider,1,4,4,1,4,1,4,1,Strategic,Standard
FT,6/28/18,94.6,-1.5862,5.612,Anthony DeSclafani,592885,543101,field_out,hit_into_play,,,,,9,Christian Yelich grounds out to first baseman Joey Votto.  ,R,L,R,CIN,MIL,X,3,ground_ball,1,2,2018,-1.2113,0.6319,0.4433,1.6963,null,null,null,1,1,Top,157.85,169.83,,,571466,,180628_231451,7.9989,-137.5686,-5.9799,-17.1159,28.1455,-23.0714,3.3084,1.4801,4,87.3,-22.355,94.989,2048,6.377,530618,543101,571466,458015,571697,553993,606299,594807,571740,608385,54.1228,0.089,0.06,0,1,0,0,2,2,4,2-Seam Fastball,0,0,0,0,0,0,0,0,Standard,Standard
SL,9/17/18,87,-1.8024,5.6824,Anthony DeSclafani,592885,543101,double,hit_into_play_no_out,,,,,14,"Christian Yelich doubles (30) on a ground ball to right fielder Scott Schebler, deflected by first baseman Joey Votto.   Curtis Granderson to 3rd.  ",R,L,R,MIL,CIN,X,3,ground_ball,0,1,2018,0.5472,-0.0831,0.4438,1.4433,null,null,434158,1,3,Bot,197.44,120.35,,,592200,,180918_003127,4.2607,-126.6902,-3.8482,5.0203,24.5521,-32.5359,3.49,1.601,7,92.8,-12.505,86.815,2377,6.016,531650,543101,592200,458015,571697,553993,606299,640447,571740,594988,54.4831,0.152,0.148,1.25,1,1,1,2,24,2,Slider,0,0,0,0,0,0,0,0,Standard,Standard
CH,4/24/18,84.9,-2.0804,5.6667,Ian Kennedy,592885,453178,field_out,hit_into_play,,,,,7,Christian Yelich grounds out to first baseman Lucas Duda.   Jonathan Villar to 3rd.    Lorenzo Cain to 2nd.  ,R,L,R,KC,MIL,X,3,ground_ball,1,1,2018,-0.7136,1.1176,-0.5975,1.6823,null,542340,456715,1,3,Top,126.95,202.37,,,521692,,180425_005508,4.8522,-123.4934,-5.2415,-8.1359,21.7454,-20.052,3.3257,1.4776,4,64.5,-26.331,84.867,1986,6.032,529752,453178,521692,446263,593160,519058,444876,460086,445055,624585,54.4675,0.052,0.058,0,1,0,0,2,18,3,Changeup,0,0,0,0,0,0,0,0,Standard,Standard
FC,7/26/18,91.2,-1.8352,6.3678,Mark Melancon,592885,453343,single,hit_into_play_no_out,,,,,6,Christian Yelich singles on a ground ball to first baseman Austin Slater.  ,R,L,R,SF,MIL,X,null,ground_ball,2,1,2018,0.1222,0.8964,0.624,2.482,null,null,null,0,8,Top,156.25,169.41,,,457763,,180727_042448,5.9095,-132.679,-5.814,0.2593,26.5633,-20.6388,3.4857,1.7044,8,98.3,-16.362,91.267,2322,6.197,530949,453343,457763,596103,488818,446334,543063,452254,621453,457705,54.3004,0.189,0.17,0.9,1,1,0,2,58,4,Cutter,2,2,2,2,2,2,2,2,Standard,Standard
FF,7/14/18,96.7,-1.1856,6.337,Clay Holmes,592885,605280,double,hit_into_play_no_out,,,,,14,Christian Yelich doubles (15) on a ground ball to right fielder Gregory Polanco.  ,R,L,R,PIT,MIL,X,null,ground_ball,0,0,2018,-0.8626,1.0348,0.9365,2.1321,null,null,null,1,1,Top,216.95,111.65,,,607732,,180714_202500,7.5597,-140.4546,-7.9473,-12.9881,30.38,-17.0545,3.4204,1.5715,21,88.2,-4.85,96.363,2118,6.097,530511,605280,607732,605137,543281,501896,621559,656669,516782,570256,54.4022,0.2,0.2,1.25,1,1,1,2,2,1,4-Seam Fastball,0,0,0,0,0,0,0,0,Standard,Standard
CH,9/2/18,86.4,-2.8738,5.4334,Koda Glover,592885,606983,field_out,hit_into_play,,,,,7,"Christian Yelich grounds out, first baseman Mark Reynolds to pitcher Koda Glover.  ",R,L,R,WSH,MIL,X,3,ground_ball,2,1,2018,-1.4232,0.3263,-0.3563,2.1067,null,null,541650,2,9,Top,160.61,164.41,,,571851,,180902_205426,8.7895,-125.4771,-2.3376,-16.6139,24.7229,-28.5278,3.49,1.6,4,81.8,-26.495,85.886,1625,6.009,531455,606983,571851,448602,594694,543685,607208,665742,664057,594809,54.4902,0.055,0.04,0,1,0,0,2,82,4,Changeup,4,9,9,4,9,4,9,4,Standard,Standard
FF,7/13/18,92.6,-2.2309,6.3677,Nick Kingham,592885,592468,field_out,hit_into_play,,,,,4,Christian Yelich grounds out to first baseman Josh Bell.  ,R,L,R,PIT,MIL,X,3,ground_ball,2,0,2018,-0.343,0.9668,-0.5615,2.65,null,null,null,2,1,Top,157.46,162.74,,,465041,,180713_231140,4.9051,-134.7953,-5.7472,-4.9741,23.844,-19.7951,3.4233,1.5742,5,85.8,-29.951,91.918,2264,5.448,530817,592468,465041,605137,543281,592567,474568,572816,516782,570256,55.0516,0.052,0.051,0,1,0,0,2,3,3,4-Seam Fastball,0,0,0,0,0,0,0,0,Standard,Standard
FC,7/20/18,90.3,-1.8348,6.2353,Kenley Jansen,592885,445276,triple,hit_into_play_score,,,,,3,Christian Yelich triples (3) on a ground ball to right fielder Enrique Hernandez.   Manny Pina scores.    Brett Phillips scores.  ,R,L,R,MIL,LAD,X,null,ground_ball,0,0,2018,0.5885,1.1254,0.6681,2.9126,null,444489,621433,2,9,Bot,227.72,99.75,,,518735,,180721_031529,5.01,-131.49,-4.831,5.9234,27.0945,-18.0617,3.3859,1.5364,76,96.4,2.797,91.369,2558,6.834,530865,445276,518735,641355,523253,571970,592518,592626,621035,571771,53.6653,0.526,0.486,1.6,1,1,2,4,80,1,Cutter,2,6,2,6,6,2,2,6,Standard,Standard
CH,5/27/18,86,-1.6748,5.9047,Robert Gsellman,592885,607229,force_out,hit_into_play,,,,,8,"Christian Yelich grounds into a force out, first baseman Adrian Gonzalez to shortstop Amed Rosario.   Lorenzo Cain out at 2nd.    Christian Yelich to 1st.  ",R,L,R,MIL,NYM,X,3,ground_ball,1,1,2018,-1.3045,0.533,-0.0887,2.1545,null,null,456715,1,7,Bot,156.55,158.32,,,621512,,180527_202315,6.3515,-125.0668,-3.7108,-14.8442,24.4375,-26.1113,3.3119,1.6375,32,88,-1.78,85.774,1533,6.107,530193,607229,621512,408236,452678,641645,642708,430832,624424,457803,54.392,0.257,0.239,0,1,0,0,2,59,3,Changeup,4,6,4,6,6,4,4,6,Standard,Standard
CH,5/16/18,83.4,-0.9015,5.8634,Matt Koch,592885,571863,field_out,hit_into_play,,,,,8,"Christian Yelich grounds out, first baseman Paul Goldschmidt to pitcher Matt Koch.  ",R,L,R,ARI,MIL,X,3,ground_ball,0,0,2018,-0.9785,0.92,0.1541,1.8862,null,null,null,0,5,Top,152.86,167.92,,,488671,,180516_211326,4.2736,-121.2339,-4.4197,-10.3191,23.9537,-22.6352,3.4861,1.5602,9,72.8,-13.316,82.622,1666,5.854,530045,571863,488671,502671,606466,518614,605113,444482,502481,519306,54.6481,0.06,0.054,0,1,0,0,2,37,1,Changeup,2,6,6,2,6,2,6,2,Standard,Standard
FF,5/4/18,92.6,-2.1979,6.5032,Nick Kingham,592885,592468,field_out,hit_into_play,,,,,12,Christian Yelich grounds out softly to first baseman Josh Bell.  ,R,L,R,MIL,PIT,X,3,ground_ball,0,1,2018,-0.1226,1.4773,1.1886,3.2734,null,null,null,2,3,Bot,158.55,166.6,,,465041,,180505_011137,8.7663,-134.4027,-5.4904,-3.2664,27.8166,-13.7785,3.3608,1.5113,58,57.9,6.08,91.392,2414,5.601,529892,592468,465041,605137,624428,592567,474568,572816,516782,570256,54.8984,0.136,0.13,0,1,0,0,1,27,2,4-Seam Fastball,1,3,1,3,3,1,1,3,Standard,Standard
CH,5/29/18,88,-0.8437,6.5965,Michael Wacha,592885,608379,field_out,hit_into_play,,,,,7,Christian Yelich grounds out to first baseman Matt Carpenter.  ,R,L,R,MIL,STL,X,3,ground_ball,3,2,2018,-1.0237,1.1596,-0.2997,1.9188,null,null,null,1,6,Bot,155.64,167.59,,,506747,,180530_011917,3.4579,-128.0374,-7.6687,-12.0034,26.5423,-18.0099,3.3732,1.5237,7,82.3,-17.337,88.209,1618,6.436,530224,608379,506747,572761,543939,576397,622168,542303,502054,664056,54.0632,0.081,0.08,0,1,0,0,2,49,6,Changeup,0,5,0,5,5,0,0,5,Standard,Standard
SL,8/28/18,87.3,-1.722,5.668,Anthony DeSclafani,592885,543101,field_out,hit_into_play,,,,,5,"Christian Yelich grounds out, second baseman Scooter Gennett to first baseman Curt Casali.  ",R,L,R,CIN,MIL,X,4,ground_ball,2,2,2018,0.369,0.3702,-0.0997,2.3904,null,null,null,1,1,Top,155.58,152.27,,,571466,,180828_231426,3.1505,-127.303,-2.6138,3.5,21.5767,-27.8705,3.49,1.601,5,80.8,-26.822,87.864,2283,6.142,531385,543101,571466,592200,571697,553993,606299,640447,571740,594988,54.3579,0.044,0.036,0,1,0,0,2,2,5,Slider,0,0,0,0,0,0,0,0,Standard,Standard
FF,5/11/18,90.7,-1.3833,6.0122,Chad Bettis,592885,518452,single,hit_into_play_no_out,,,,,5,Christian Yelich singles on a ground ball to right fielder Carlos Gonzalez.   Lorenzo Cain to 3rd.  ,R,L,R,COL,MIL,X,null,ground_ball,0,2,2018,-0.1279,0.8197,0.133,2.5754,null,null,456715,0,1,Top,182.86,123.38,,,455104,,180512_004343,4.0094,-132.1164,-4.4277,-2.1946,23.6345,-22.1254,3.3832,1.5353,11,95.1,-13.311,90.284,1916,5.625,529977,518452,455104,435622,518934,571448,596115,467827,453568,471865,54.8767,0.228,0.227,0.9,1,1,0,2,2,4,4-Seam Fastball,0,0,0,0,0,0,0,0,Standard,Standard
FS,8/10/18,82.5,-2.804,5.5969,Kevin Gausman,592885,592332,field_out,hit_into_play,,,,,9,Christian Yelich grounds out to first baseman Freddie Freeman.  ,R,L,R,ATL,MIL,X,3,ground_ball,0,2,2018,-1.2874,0.0675,0.4056,1.6606,null,null,null,0,6,Top,154.97,165.77,,,452095,,180811_012355,9.6326,-119.7784,-2.5838,-13.9078,20.5757,-31.3042,3.3882,1.6862,18,102.8,-5.113,81.951,1191,5.797,531146,592332,452095,518692,645277,622666,621020,660670,542255,455976,54.7008,0.381,0.341,0,1,0,0,2,46,3,Split Finger,7,0,0,7,0,7,0,7,Standard,Standard
FT,6/5/18,95.6,-1.7355,5.8795,Neil Ramirez,592885,519166,field_out,hit_into_play,,,,,12,Christian Yelich grounds out to first baseman Yonder Alonso.  ,R,L,R,CLE,MIL,X,3,ground_ball,0,0,2018,-0.5279,1.4087,0.9518,2.5491,null,null,null,1,8,Top,155.65,163.83,,,543228,,180606_012644,8.3023,-138.971,-6.367,-8.7017,30.3517,-12.6021,3.4206,1.5711,109,82.5,8.779,95.979,2375,6.506,530312,519166,543228,475174,543401,608070,596019,488726,656185,502082,53.9933,0.45,0.447,0,1,0,0,4,57,1,2-Seam Fastball,3,1,1,3,1,3,1,3,Standard,Standard
FT,5/5/18,95.6,-2.0411,6.0749,Jameson Taillon,592885,592791,field_out,hit_into_play,,,,,8,"Christian Yelich grounds out, first baseman Josh Bell to pitcher Jameson Taillon.  ",R,L,R,MIL,PIT,X,3,ground_ball,2,1,2018,-1.4108,0.7674,0.2107,1.9417,null,null,null,1,5,Bot,155.03,165.94,,,465041,,180506_004356,9.0561,-138.7686,-6.9668,-20.1226,29.2395,-21.0074,3.3674,1.518,5,81.7,-22.36,95.458,2298,6.213,529908,592791,465041,605137,624428,592567,474568,572816,516782,570256,54.2862,0.055,0.045,0,1,0,0,2,38,4,2-Seam Fastball,1,0,1,0,0,1,1,0,Standard,Standard
CU,5/29/18,76.8,-1.0351,6.5648,Michael Wacha,592885,608379,field_error,hit_into_play_no_out,,,,,8,Christian Yelich reaches on a throwing error by first baseman Matt Carpenter.  ,R,L,R,MIL,STL,X,3,ground_ball,0,2,2018,0.6935,-1.4038,0.0535,2.1494,null,null,null,0,4,Bot,155.64,159.72,,,506747,,180530_004526,1.0458,-111.8237,0.2317,5.6349,21.078,-44.2373,3.3732,1.689,11,89.6,-11.702,77.031,2333,6.524,530224,608379,506747,572761,543939,576397,622168,542303,502054,664056,53.9751,0.155,0.127,0.9,1,0,0,2,33,3,Curveball,0,5,0,5,5,0,0,5,Standard,Standard
FT,8/5/18,95.5,-1.4371,5.7687,Scott Oberg,592885,623184,single,hit_into_play_no_out,,,,,9,Christian Yelich singles on a sharp ground ball to right fielder Carlos Gonzalez.  ,R,L,R,MIL,COL,X,null,ground_ball,1,0,2018,-0.8559,0.6218,0.691,1.9056,null,null,null,0,10,Bot,199.73,105.49,,,547172,,180805_212333,7.5205,-138.7906,-5.9478,-12.6943,29.6345,-23.0538,3.56,1.72,14,102.9,-7.131,95.625,2119,6.328,531083,623184,547172,435622,518934,571448,596115,467827,453568,471865,54.1709,0.336,0.298,0.9,1,1,0,2,82,2,2-Seam Fastball,4,4,4,4,4,4,4,4,Standard,Standard
CH,7/14/18,86.3,-2.6199,6.1259,Ivan Nova,592885,467100,single,hit_into_play_score,,,,,8,Christian Yelich singles on a sharp ground ball to right fielder Gregory Polanco.   Keon Broxton scores.    Chase Anderson to 2nd.  ,R,L,R,PIT,MIL,X,null,ground_ball,1,1,2018,-1.4321,0.6276,-0.0388,1.9782,null,542979,502624,2,5,Top,195.01,101.57,,,553869,,180714_181343,8.9041,-125.3678,-4.9121,-16.5438,21.7398,-24.9542,3.4204,1.5715,12,102.1,-8.769,85.983,2225,5.863,530832,467100,553869,605137,543281,592567,474568,572816,516782,570256,54.6365,0.273,0.259,0.9,1,1,0,2,37,3,Changeup,2,0,0,2,0,2,0,2,Standard,Standard
FT,9/19/18,92.5,-1.4629,6.318,Matt Wisler,592885,605538,field_out,hit_into_play,,,,,7,"Christian Yelich grounds out, second baseman Scooter Gennett to first baseman Joey Votto.  ",R,L,R,MIL,CIN,X,4,ground_ball,2,1,2018,-0.6875,1.0911,-0.3754,2.1621,null,null,null,1,7,Bot,161.63,149.68,,,543148,,180920_014855,4.1866,-134.5091,-7.0573,-9.0554,27.5435,-17.9503,3.49,1.601,5,96.9,-24.596,91.705,2063,5.723,531679,605538,543148,458015,571697,553993,664167,640447,571740,594988,54.7758,0.155,0.134,0,1,0,0,2,54,4,2-Seam Fastball,7,0,7,0,0,7,7,0,Strategic,Standard
FF,4/20/18,93.7,-2.226,6.0222,Kyle Barraclough,592885,607457,field_out,hit_into_play,,,,,8,"Christian Yelich grounds out, first baseman Justin Bour to pitcher Kyle Barraclough.  ",R,L,R,MIL,MIA,X,3,ground_ball,2,0,2018,-0.4569,1.2696,0.0556,1.5883,null,null,null,1,7,Bot,156.55,157.81,,,592663,,180421_025346,6.7798,-135.9523,-8.2715,-7.0935,31.7616,-15.1967,3.2939,1.4357,6,96.9,-16.342,92.172,2484,5.685,529697,607457,592663,571506,516770,605119,500743,518618,457727,543776,54.8142,0.197,0.159,0,1,0,0,2,66,3,4-Seam Fastball,8,0,8,0,0,8,8,0,Standard,Standard
SL,7/31/18,88.9,-1.0341,5.939,Walker Buehler,592885,621111,single,hit_into_play_no_out,,,,,9,Christian Yelich singles on a ground ball to second baseman Enrique Hernandez.  ,R,L,R,LAD,MIL,X,null,ground_ball,1,1,2018,0.7605,0.0858,0.5798,1.7744,null,null,null,2,3,Top,155.5,151.19,,,605131,,180801_024514,2.3811,-129.4964,-4.3937,8.0178,23.0715,-30.6526,3.5405,1.6713,6,90.5,-17.137,88.509,null,5.661,531019,621111,605131,571970,571771,592518,621035,461314,641355,624577,54.8376,0.16,0.16,0.9,1,1,0,2,18,3,Slider,0,0,0,0,0,0,0,0,Standard,Standard
SI,7/15/18,91.5,-1.811,6.4371,Joe Musgrove,592885,605397,single,hit_into_play_no_out,,,,,6,Christian Yelich singles on a sharp ground ball to right fielder Gregory Polanco.  ,R,L,R,PIT,MIL,X,null,ground_ball,1,1,2018,-0.7828,0.4877,0.3756,2.3176,null,null,null,0,8,Top,178.05,105.21,,,553869,,180715_193915,7.1961,-133.2204,-5.6668,-10.6983,23.7979,-25.4788,3.584,1.7349,10,100.9,-12.887,92.16,2044,6.28,530847,605397,553869,605137,621559,592567,474568,572816,516782,570256,54.2192,0.26,0.25,0.9,1,1,0,2,54,3,Sinker,2,2,2,2,2,2,2,2,Standard,Standard
SL,7/21/18,85.7,-2.1528,4.833,JT Chargois,592885,608638,field_out,hit_into_play,,,,,13,Christian Yelich grounds out softly to first baseman Cody Bellinger.   Lorenzo Cain to 3rd.  ,R,L,R,MIL,LAD,X,3,ground_ball,0,1,2018,0.0155,-0.3591,-0.1819,1.3668,null,456715,null,1,7,Bot,125.97,203.4,,,518735,,180722_015103,4.6005,-124.7197,-1.2494,-0.6925,23.137,-35.8805,3.3765,1.5271,0,48.9,-72.966,85.541,2373,6.007,530880,608638,518735,641355,523253,571970,592518,621035,571771,461314,54.4923,0.163,0.147,0,1,0,0,1,60,2,Slider,4,2,4,2,2,4,4,2,Standard,Standard
FT,7/25/18,92.4,-2.5236,5.9102,Tanner Roark,592885,543699,field_out,hit_into_play,,,,,7,"Christian Yelich grounds out, second baseman Daniel Murphy to first baseman Matt Adams.  ",R,L,R,MIL,WSH,X,4,ground_ball,2,0,2018,-1.3728,0.8068,-0.5258,1.8986,null,null,null,2,1,Bot,152.99,151.71,,,446308,,180725_183143,7.8737,-134.1366,-6.0304,-17.8308,27.4096,-21.6464,3.55,1.72,5,85.2,-20.583,91.282,2018,5.622,530944,543699,446308,571431,502517,543685,607208,665742,547180,594809,54.8775,0.068,0.054,0,1,0,0,2,10,3,2-Seam Fastball,0,3,0,3,3,0,0,3,Standard,Standard
CH,7/28/18,77.3,-2.799,5.7924,Johnny Cueto,592885,456501,field_out,hit_into_play,,,,,4,"Christian Yelich grounds out, second baseman Alen Hanson to first baseman Pablo Sandoval.  ",R,L,R,SF,MIL,X,4,ground_ball,2,2,2018,-0.4125,0.2988,-0.4606,2.6131,null,null,null,0,1,Top,147.17,148.81,,,460026,,180729_010652,5.6087,-112.341,-0.3877,-4.342,18.8244,-29.8873,3.49,1.601,6,91.3,-22.899,76.252,1251,5.431,530976,456501,460026,467055,593700,446334,543063,491676,621453,457705,55.0663,0.121,0.095,0,1,0,0,2,1,5,Changeup,0,0,0,0,0,0,0,0,Standard,Standard
FF,7/14/18,93.1,-2.7908,6.1734,Ivan Nova,592885,467100,field_out,hit_into_play,,,,,12,"Christian Yelich grounds out, first baseman Josh Bell to pitcher Ivan Nova.  ",R,L,R,PIT,MIL,X,3,ground_ball,2,2,2018,-0.8995,0.9918,0.8713,3.1529,null,null,null,0,1,Top,148.38,164.56,,,553869,,180714_163816,11.1474,-134.9188,-4.0027,-13.1479,29.1471,-19.7145,3.4209,1.5719,48,78.1,0.665,91.744,2382,5.687,530832,467100,553869,605137,543281,592567,474568,572816,516782,570256,54.8124,0.163,0.156,0,1,0,0,2,1,5,4-Seam Fastball,0,0,0,0,0,0,0,0,Standard,Standard
FF,8/2/18,92,-1.5802,5.9786,Erik Goeddel,592885,592340,single,hit_into_play_no_out,,,,,14,"Christian Yelich singles on a ground ball to right fielder Yasiel Puig, deflected by second baseman Brian Dozier.   Eric Thames to 3rd.  ",R,L,R,LAD,MIL,X,4,ground_ball,2,2,2018,-0.6554,1.5438,0.0246,1.4432,null,null,519346,2,7,Top,160.13,144.48,,,518735,,180803_035212,5.4307,-133.602,-8.8625,-8.9364,29.5142,-12.2298,3.49,1.601,5,107.8,-14.766,91.237,2343,5.997,531044,592340,518735,641355,572821,571970,571771,592626,621035,624577,54.5018,0.31,0.281,0.9,1,1,0,2,62,6,4-Seam Fastball,12,2,2,12,2,12,2,12,Standard,Standard
CH,8/28/18,89.2,-1.9079,5.227,Raisel Iglesias,592885,628452,field_out,hit_into_play_score,,,,,7,"Christian Yelich grounds out, second baseman Scooter Gennett to first baseman Curt Casali.   Hernan Perez scores.    Lorenzo Cain to 3rd.  ",R,L,R,CIN,MIL,X,4,ground_ball,1,1,2018,-1.507,0.5646,-0.3926,1.6512,541650,456715,null,1,9,Top,153.76,155.3,,,571466,,180829_024122,6.8417,-129.642,-3.9037,-18.3026,27.7797,-25.2609,3.49,1.601,7,71.4,-12.556,88.768,1619,6.145,531385,628452,571466,592200,571697,553993,606299,592863,571740,641525,54.3549,0.052,0.05,0,1,0,0,2,83,3,Changeup,9,6,6,9,6,9,6,9,Standard,Standard
CH,5/2/18,86,-2.8811,5.4526,Luis Castillo,592885,622491,field_out,hit_into_play,,,,,8,"Christian Yelich grounds out, first baseman Joey Votto to pitcher Luis Castillo.  ",R,L,R,CIN,MIL,X,3,ground_ball,2,2,2018,-1.2517,0.5707,-0.2623,1.9568,null,null,null,1,1,Top,150.8,159.72,,,519023,,180502_231307,8.4772,-124.8701,-3.1131,-14.3072,23.5681,-26.0419,3.411,1.565,42,81,0.747,84.591,1953,5.352,529862,622491,519023,458015,607468,553993,606299,594807,571740,608385,55.1479,0.202,0.174,0,1,0,0,2,2,5,Changeup,0,0,0,0,0,0,0,0,Standard,Standard
SL,8/30/18,88.6,-1.6003,6.7817,Sal Romano,592885,607219,field_out,hit_into_play,,,,,14,"Christian Yelich grounds out sharply, first baseman Joey Votto to pitcher Sal Romano.  ",R,L,R,CIN,MIL,X,3,ground_ball,0,2,2018,0.0335,0.1887,0.1735,1.5219,null,null,null,1,8,Top,151.95,157.48,,,592200,,180830_182532,4.2138,-128.853,-7.1108,-0.4662,25.4368,-28.9447,3.3121,1.8124,99,78.6,7.917,87.783,2349,5.695,531413,607219,592200,458015,599096,641525,606299,640447,592863,594988,54.8045,0.4,0.374,0,1,0,0,2,54,3,Slider,1,1,1,1,1,1,1,1,Standard,Standard
CU,9/18/18,80.3,-1.8948,6.0151,Michael Lorenzen,592885,547179,field_out,hit_into_play,,,,,2,"Christian Yelich grounds out, pitcher Michael Lorenzen to first baseman Joey Votto.  ",R,L,R,MIL,CIN,X,1,ground_ball,3,2,2018,0.3651,-1.237,-0.2241,3.2025,null,null,null,2,3,Bot,126.58,180.16,,,571466,,180919_003952,2.9836,-116.7369,2.6694,2.7193,21.0468,-43.9361,3.362,1.594,2,76.2,-61.386,79.306,2512,5.556,531664,547179,571466,458015,571697,641525,606299,640447,592863,594988,54.9435,0.215,0.194,0,1,0,0,2,26,7,Curveball,1,2,1,2,2,1,1,2,Strategic,Standard
FT,7/4/18,93.4,-3.5378,5.2335,Jose Berrios,592885,621244,field_out,hit_into_play,,,,,8,"Christian Yelich grounds out sharply, second baseman Brian Dozier to first baseman Joe Mauer.  ",R,L,R,MIL,MIN,X,4,ground_ball,3,2,2018,-1.5994,0.7913,0.1484,1.7592,null,null,null,1,1,Bot,155.64,154.87,,,641598,,180704_201944,12.9824,-135.4574,-4.9368,-22.4017,26.7599,-21.5778,3.3709,1.5214,97,100.8,4.575,93.584,2102,6.368,530701,621244,641598,408045,572821,500871,593871,592696,595909,596146,54.1314,0.613,0.573,0,1,0,0,4,5,9,2-Seam Fastball,0,0,0,0,0,0,0,0,Infield shift,Standard
FF,5/9/18,94.2,-1.6923,5.5163,Carlos Carrasco,592885,471911,field_out,hit_into_play,,,,,5,"Christian Yelich grounds out, second baseman Erik Gonzalez to first baseman Yonder Alonso.   Lorenzo Cain to 3rd.  ",R,L,R,MIL,CLE,X,4,ground_ball,3,2,2018,-0.8569,0.9716,0.2321,2.6063,null,456715,null,0,9,Bot,150.19,150.03,,,547379,,180509_194834,6.8627,-136.9915,-3.9628,-12.2458,30.9809,-19.382,3.3698,1.5204,6,91.3,-23.134,93.821,2256,6.154,529951,471911,547379,475174,570481,608070,596019,488726,605548,571980,54.3458,0.121,0.095,0,1,0,0,2,68,7,4-Seam Fastball,1,6,1,6,6,1,1,6,Standard,Standard
SI,4/25/18,91.5,-2.6425,5.6737,Kevin McCarthy,592885,641838,single,hit_into_play_no_out,,,,,9,Christian Yelich singles on a sharp ground ball to right fielder Jorge Soler.  ,R,L,R,KC,MIL,X,null,ground_ball,0,2,2018,-0.9571,0.4752,0.6012,1.9359,null,null,null,1,9,Top,176.87,123.77,,,521692,,180426_025629,10.2837,-133.0223,-4.6519,-13.4647,25.1444,-25.7575,3.3256,1.4776,20,107.8,-5.221,92.209,2115,6.5,529767,641838,521692,446263,593160,519058,444876,460086,445055,624585,53.9996,0.394,0.362,0.9,1,1,0,2,69,4,Sinker,2,6,6,2,6,2,6,2,Standard,Standard
FC,6/10/18,92.4,-1.9004,6.1459,Tommy Hunter,592885,488984,field_out,hit_into_play,,,,,9,"Christian Yelich grounds out, second baseman Cesar Hernandez to first baseman Carlos Santana.  ",R,L,R,PHI,MIL,X,4,ground_ball,1,0,2018,0.4471,0.7913,0.4526,2.2383,570267,456715,null,2,9,Top,161.29,147.65,,,595284,,180610_203334,5.0242,-134.4252,-5.8959,4.4269,27.2094,-21.5482,3.5882,1.6773,23,105.2,-4.934,92.708,2400,6.34,530381,488984,595284,467793,514917,621044,664068,656555,546318,608384,54.1626,0.402,0.372,0,1,0,0,2,72,2,Cutter,4,3,3,4,3,4,3,4,Strategic,Strategic
FF,8/20/18,92.4,-2.3001,6.2139,Homer Bailey,592885,456701,field_out,hit_into_play,,,,,6,"Christian Yelich grounds out, second baseman Scooter Gennett to first baseman Brandon Dixon.  ",R,L,R,MIL,CIN,X,4,ground_ball,1,2,2018,-0.7229,1.0689,0.7051,2.7599,null,null,null,0,1,Bot,147.41,150.19,,,571466,,180821_001914,9.2476,-134.419,-5.4154,-10.5456,23.9304,-18.2243,3.49,1.601,13,73.9,-11.717,93.263,1995,6.419,531281,456701,571466,641525,571697,553993,606299,605512,571740,640447,54.0807,0.06,0.061,0,1,0,0,2,4,4,4-Seam Fastball,0,0,0,0,0,0,0,0,Standard,Standard
SI,5/8/18,91.7,-2.1778,5.1048,Corey Kluber,592885,446372,single,hit_into_play_no_out,,,,,4,Christian Yelich singles on a ground ball to right fielder Brandon Guyer.   Lorenzo Cain to 2nd.  ,R,L,R,MIL,CLE,X,null,ground_ball,1,0,2018,-1.0969,0.6024,-0.3546,2.2681,null,null,456715,0,3,Bot,180.48,117.92,,,543228,,180509_003836,6.9477,-133.3641,-2.5756,-14.5246,29.6313,-24.7022,3.3773,1.5279,7,101,-17.133,91.362,2250,6.19,529936,446372,543228,429665,543401,608070,596019,488726,434658,446386,54.3089,0.2,0.184,0.9,1,1,0,2,26,2,Sinker,3,1,3,1,1,3,3,1,Standard,Standard
SL,8/29/18,88.2,-1.4944,6.0353,Matt Harvey,592885,518774,single,hit_into_play_no_out,,,,,8,Christian Yelich singles on a ground ball to second baseman Scooter Gennett.  ,R,L,R,CIN,MIL,X,null,ground_ball,3,2,2018,0.0912,0.4973,0.2398,2.087,null,null,null,0,3,Top,153.14,150.46,,,571466,,180830_001939,3.9986,-128.3606,-4.558,0.2665,23.5213,-26.1004,3.49,1.601,23,100.2,-4.902,87.943,2430,5.866,531399,518774,571466,592200,571697,553993,606299,605512,571740,594988,54.6339,0.352,0.304,0.9,1,1,0,2,20,6,Slider,2,2,2,2,2,2,2,2,Standard,Standard
FF,7/11/18,90.6,-2.0797,5.378,Elieser Hernandez,592885,622694,force_out,hit_into_play,,,,,3,"Christian Yelich grounds into a force out, second baseman Starlin Castro to shortstop JT Riddle.   Lorenzo Cain out at 2nd.    Christian Yelich to 1st.  ",R,L,R,MIA,MIL,X,4,ground_ball,0,2,2018,-0.3249,1.5384,0.4673,3.1622,null,null,456715,1,12,Top,147.07,150.19,,,592407,,180712_032340,7.0575,-131.7102,-2.8688,-5.3038,28.5017,-13.888,3.4491,1.5997,13,89.7,-12.6,90.565,2383,6.365,530793,622694,592407,500743,516770,592680,595375,643265,457727,605119,54.1357,0.128,0.122,0,1,0,0,2,94,3,4-Seam Fastball,4,4,4,4,4,4,4,4,Standard,Standard
FT,6/10/18,92.1,-2.9781,5.9344,Zach Eflin,592885,621107,field_out,hit_into_play,,,,,4,"Christian Yelich grounds out, second baseman Cesar Hernandez to first baseman Carlos Santana.  ",R,L,R,PHI,MIL,X,4,ground_ball,1,0,2018,-1.1966,0.7398,-0.6841,2.4376,null,null,null,1,1,Top,150.12,151.21,,,595284,,180610_173725,8.4231,-133.8283,-4.5814,-16.2655,31.5804,-22.4995,3.4459,1.5951,6,85.3,-22.673,91.731,1958,6.362,530381,621107,595284,467793,514917,641487,664068,656555,546318,608384,54.1404,0.073,0.051,0,1,0,0,2,2,2,2-Seam Fastball,0,0,0,0,0,0,0,0,Strategic,Standard
FT,6/8/18,89.8,-2.3043,5.6078,Vince Velasquez,592885,592826,single,hit_into_play_no_out,,,,,9,Christian Yelich singles on a ground ball to right fielder Nick Williams.   Lorenzo Cain to 3rd.  ,R,L,R,PHI,MIL,X,null,ground_ball,0,1,2018,-1.1597,0.8377,0.3054,1.8633,null,null,456715,2,4,Top,189.4,107.52,,,595751,,180609_002222,8.9454,-130.4753,-5.0744,-15.1648,26.7044,-21.7063,3.4455,1.5947,98,81.4,7.486,90.09,1876,6.492,530351,592826,595751,467793,514917,641487,664068,621044,546318,608384,54.0103,0.371,0.332,0.9,1,1,0,2,31,2,2-Seam Fastball,0,6,6,0,6,0,6,0,Strategic,Standard
CH,7/26/18,84.9,-0.8528,6.2851,Dereck Rodriguez,592885,605446,field_out,hit_into_play_score,,,,,7,"Christian Yelich grounds out, second baseman Chase d'Arnaud to first baseman Austin Slater.   Eric Thames scores.  ",R,L,R,SF,MIL,X,4,ground_ball,1,0,2018,-1.1534,1.0705,-0.5929,1.8012,519346,null,null,1,1,Top,148.38,153.05,,,457763,,180727_021808,2.9087,-123.6807,-6.3941,-12.4269,21.5909,-20.1858,3.5384,1.7577,14,97,-6.499,85.425,1875,6.287,530949,605446,457763,596103,488818,446334,543063,452254,621453,457705,54.21,0.265,0.261,0,1,0,0,2,3,2,Changeup,0,0,0,0,0,0,0,0,Standard,Standard
SI,6/15/18,94.3,-3.0275,6.1229,Jake Arrieta,592885,453562,force_out,hit_into_play,,,,,8,"Christian Yelich grounds into a force out, second baseman Cesar Hernandez to shortstop Scott Kingery.   Lorenzo Cain out at 2nd.  Christian Yelich advances to 2nd, on a throwing error by shortstop Scott Kingery.  ",R,L,R,MIL,PHI,X,6,ground_ball,2,1,2018,-1.2418,0.7999,0.1368,2.0798,null,null,456715,0,1,Bot,147.17,154.87,,,595751,,180616_002128,10.8498,-136.7495,-6.4627,-17.8005,30.6394,-21.0624,3.369,1.5195,5,98.1,-21.723,93.421,2231,5.997,530445,453562,595751,467793,514917,641487,664068,656555,546318,608384,54.5021,0.176,0.154,0,1,0,0,2,5,4,Sinker,0,0,0,0,0,0,0,0,Standard,Standard
FF,8/3/18,94.8,-2.5201,6.1825,German Marquez,592885,608566,field_out,hit_into_play,,,,,5,"Christian Yelich grounds out, second baseman DJ LeMahieu to first baseman Ian Desmond.  ",R,L,R,MIL,COL,X,4,ground_ball,3,1,2018,-0.5654,1.1125,-0.0974,2.3783,null,null,null,0,3,Bot,148.38,154.87,,,608596,,180804_005831,7.4704,-137.7331,-6.6552,-8.5921,27.6977,-17.1085,3.56,1.72,6,88.9,-22.533,94.054,2231,5.727,531053,608566,608596,435622,518934,571448,596115,467827,453568,471865,54.7722,0.105,0.093,0,1,0,0,2,21,5,4-Seam Fastball,1,0,1,0,0,1,1,0,Strategic,Standard
CH,9/19/18,87.7,-1.2853,6.1185,Matt Harvey,592885,518774,single,hit_into_play_no_out,,,,,4,Christian Yelich singles on a ground ball to pitcher Matt Harvey.   Gio Gonzalez to 2nd.  ,R,L,R,MIL,CIN,X,null,ground_ball,1,2,2018,-1.3098,0.7877,-0.696,2.5253,null,null,461829,1,3,Bot,133.2,182.95,,,571466,,180920_003434,4.1297,-127.6555,-4.1872,-15.1444,26.4985,-22.9311,3.49,1.601,2,63.8,-50.675,87.728,1752,6.309,531679,518774,571466,458015,571697,553993,606299,640447,571740,594988,54.19,0.157,0.144,0.9,1,1,0,2,22,7,Changeup,1,0,1,0,0,1,1,0,Standard,Standard
CH,5/30/18,90,-1.7635,6.2438,Alex Reyes,592885,621052,single,hit_into_play_no_out,,,,,8,Christian Yelich singles on a ground ball to right fielder Dexter Fowler.  ,R,L,R,MIL,STL,X,null,ground_ball,2,1,2018,-1.0764,0.8095,0.0603,1.6589,null,null,null,1,1,Bot,184.72,107.02,,,608348,,180530_172345,6.7377,-130.87,-7.1145,-13.5955,24.6189,-21.7702,3.3695,1.5201,75,104.1,2.732,89.912,1391,6.033,530239,621052,608348,500874,576397,572761,622168,641933,664056,451594,54.4666,0.555,0.514,0.9,1,1,0,4,6,4,Changeup,0,0,0,0,0,0,0,0,Standard,Standard
SL,8/8/18,82.4,-2.8791,5.1216,Brett Kennedy,592885,664028,field_out,hit_into_play,,,,,1,"Christian Yelich grounds out, second baseman Cory Spangenberg to first baseman Eric Hosmer.  ",R,L,R,MIL,SD,X,4,ground_ball,2,2,2018,0.1951,0.0423,-0.398,3.0338,null,null,null,0,1,Bot,144.36,153.24,,,595978,,180809_001811,5.2481,-119.7503,1.8085,0.6789,26.7164,-32.4286,3.4845,1.6245,8,93.8,-21.032,81.745,2270,6.274,531130,664028,595978,543333,605486,570799,520471,592669,622534,614177,54.2256,0.136,0.116,0,1,0,0,2,4,5,Slider,0,0,0,0,0,0,0,0,Standard,Strategic
SI,8/31/18,95.9,-2.48,6.2545,Jimmy Cordero,592885,622772,field_out,hit_into_play,,,,,14,"Christian Yelich grounds out sharply, second baseman Wilmer Difo to first baseman Ryan Zimmerman.  ",R,L,R,WSH,MIL,X,4,ground_ball,0,0,2018,-1.2123,0.7537,0.0871,1.3918,null,null,null,1,8,Top,154.52,153.24,,,571851,,180901_013934,9.5756,-139.2039,-8.9815,-18.0033,30.3277,-20.5177,3.49,1.6,6,105.3,-14.519,96.282,2108,6.578,531425,622772,571851,475582,594694,543685,607208,665742,547180,594809,53.9214,0.273,0.249,0,1,0,0,2,59,1,Sinker,1,4,4,1,4,1,4,1,Standard,Standard
CH,9/1/18,87.6,-2.4468,6.0005,Stephen Strasburg,592885,544931,field_out,hit_into_play,,,,,7,"Christian Yelich grounds out, second baseman Wilmer Difo to first baseman Ryan Zimmerman.  ",R,L,R,WSH,MIL,X,4,ground_ball,1,0,2018,-1.3701,0.2124,-0.6397,1.8289,null,null,null,1,1,Top,147.41,164.41,,,571851,,180901_230709,7.3208,-127.3889,-4.3877,-16.699,27.5454,-29.0803,3.4868,1.6286,4,89.8,-25.384,88.255,1819,6.854,531440,544931,571851,475582,594694,543685,607208,665742,547180,594809,53.6458,0.113,0.108,0,1,0,0,2,2,2,Changeup,0,0,0,0,0,0,0,0,Standard,Standard
CH,8/28/18,89.5,-1.712,5.4543,Anthony DeSclafani,592885,543101,field_out,hit_into_play,,,,,4,"Christian Yelich grounds out, second baseman Scooter Gennett to first baseman Curt Casali.  ",R,L,R,CIN,MIL,X,4,ground_ball,1,1,2018,-1.0438,0.5344,-0.6776,2.5429,null,null,null,0,4,Top,152.55,151.67,,,571466,,180829_002407,4.7935,-130.5105,-2.4379,-12.9891,23.2164,-25.7015,3.49,1.601,97,91.7,5.228,90.635,1616,6.522,531385,543101,571466,592200,571697,553993,606299,640447,571740,594988,53.9779,0.526,0.484,0,1,0,0,4,30,3,Changeup,6,0,0,6,0,6,0,6,Standard,Standard
SL,8/25/18,86.9,-0.8319,6.1922,Edgar Santana,592885,650828,field_out,hit_into_play,,,,,4,"Christian Yelich grounds out sharply, second baseman Kevin Newman to first baseman Josh Bell.  ",R,L,R,MIL,PIT,X,4,ground_ball,1,0,2018,-0.1839,0.1104,-0.6772,2.7982,null,null,null,1,8,Bot,154.52,150.19,,,465041,,180826_014831,0.7194,-126.3762,-2.1251,-2.0494,25.9799,-30.8645,3.4451,1.646,97,102,4.839,85.345,2134,5.336,531351,650828,465041,605137,621028,592567,588751,624428,516782,570256,55.1629,0.626,0.578,0,1,0,0,4,66,2,Slider,1,6,1,6,6,1,1,6,Standard,Standard
FF,9/12/18,87.1,-2.3928,6.0725,Kyle Hendricks,592885,543294,single,hit_into_play_no_out,,,,,8,Christian Yelich singles on a sharp ground ball to right fielder Ben Zobrist.   Curtis Granderson to 2nd.  ,R,L,R,CHC,MIL,X,null,ground_ball,0,0,2018,-0.5437,1.1293,-0.0581,2.1663,null,null,434158,1,3,Top,179.75,113.75,,,575929,,180913_005546,6.6698,-126.7255,-5.552,-7.017,22.1205,-19.2455,3.49,1.601,144,113.6,7.82,87.18,2116,6.021,531589,543294,575929,519203,502517,595879,608365,592178,546991,450314,54.4758,0.802,0.788,0.9,1,1,0,5,20,1,4-Seam Fastball,0,1,1,0,1,0,1,0,Standard,Standard
FF,4/21/18,93.6,-2.2165,6.0881,Kyle Barraclough,592885,607457,field_out,hit_into_play,,,,,6,"Christian Yelich grounds out sharply, second baseman Starlin Castro to first baseman Miguel Rojas.  ",R,L,R,MIL,MIA,X,4,ground_ball,3,2,2018,-0.3173,1.5034,0.6997,2.0386,null,null,null,0,8,Bot,151.47,151.21,,,592407,,180422_014113,8.1231,-135.8159,-7.8177,-5.7349,31.6254,-12.4004,3.1523,1.4516,46,104.1,1.295,92.389,2495,5.867,529712,607457,592407,500743,516770,605119,592680,518618,621446,457727,54.6323,0.505,0.458,0,1,0,0,4,63,6,4-Seam Fastball,4,5,4,5,5,4,4,5,Standard,Standard
FF,7/9/18,95.8,-1.4309,6.1989,Drew Steckenrider,592885,608716,force_out,hit_into_play,,,,,2,"Christian Yelich grounds into a force out, second baseman Starlin Castro to shortstop JT Riddle.   Lorenzo Cain out at 2nd.    Christian Yelich to 1st.  ",R,L,R,MIA,MIL,X,4,ground_ball,0,2,2018,-0.789,1.6354,-0.0412,3.288,null,null,456715,0,8,Top,143.15,150.42,,,592407,,180710_014556,5.404,-139.2112,-5.6494,-11.4064,33.6277,-10.1198,3.4461,1.5966,7,91.9,-24.391,94.999,2545,6.075,530766,608716,592407,500743,516770,445988,595375,518618,457727,605119,54.4263,0.126,0.113,0,1,0,0,2,63,3,4-Seam Fastball,3,2,2,3,2,3,2,3,Standard,Standard
KC,7/24/18,73.5,-2.5801,5.8432,Jeremy Hellickson,592885,476451,single,hit_into_play_no_out,,,,,4,Christian Yelich singles on a ground ball to shortstop Wilmer Difo.  ,R,L,R,MIL,WSH,X,null,ground_ball,0,0,2018,0.5795,-1.2792,-0.6527,2.4469,null,null,null,2,1,Bot,146.9,140.03,,,571851,,180725_004654,2.8749,-106.6883,2.5236,3.7141,19.0523,-42.2453,3.572,1.7127,49,77.2,2.592,71.662,2727,5.098,530930,476451,571851,475582,502517,543685,594694,665742,572191,594809,55.4015,0.202,0.197,0.9,1,1,0,2,8,1,Knuckle Curve,0,1,0,1,1,0,0,1,Infield shift,Standard
FF,9/16/18,93,-2.0291,5.4287,Trevor Williams,592885,592866,field_out,hit_into_play,,,,,6,"Christian Yelich grounds out, second baseman Adam Frazier to first baseman Josh Bell.  ",R,L,R,MIL,PIT,X,4,ground_ball,2,2,2018,-0.6213,1.3667,0.3078,2.5374,null,606115,456715,2,3,Bot,152.99,151.71,,,607732,,180916_190938,7.4346,-135.3143,-4.7129,-9.35,29.3069,-14.3224,3.49,1.601,21,90.8,-5.311,93.786,2303,6.741,531644,592866,607732,605137,624428,592567,621028,572816,516782,656669,53.7582,0.242,0.23,0,1,0,0,2,22,7,4-Seam Fastball,0,1,0,1,1,0,0,1,Standard,Standard
SL,6/15/18,87,-3.3802,5.9613,Jake Arrieta,592885,453562,field_out,hit_into_play,,,,,5,"Christian Yelich grounds out, second baseman Cesar Hernandez to first baseman Carlos Santana.  ",R,L,R,MIL,PHI,X,4,ground_ball,0,1,2018,0.67,0.2669,0.1926,2.733,608718,456715,null,0,2,Bot,146.56,163.35,,,595751,,180616_004333,7.1422,-126.4133,-2.0683,5.5875,25.6721,-29.1946,3.369,1.5195,19,100.6,-8.039,86.056,2543,5.756,530445,453562,595751,467793,514917,641487,664068,656555,546318,608384,54.7431,0.268,0.249,0,1,0,0,2,17,2,Slider,3,0,3,0,0,3,3,0,Strategic,Standard
SI,4/26/18,87.1,-2.4405,6.2718,Kyle Hendricks,592885,543294,field_out,hit_into_play,,,,,7,"Christian Yelich grounds out, second baseman Javier Baez to first baseman Anthony Rizzo.  ",R,L,R,CHC,MIL,X,4,ground_ball,2,1,2018,-1.0617,0.6477,-0.7502,1.8921,null,null,null,2,3,Top,149.03,151.06,,,605170,,180427_005144,6.0314,-126.57,-5.558,-12.2084,23.7453,-24.6192,3.3323,1.5452,6,76.6,-17.617,85.762,1996,5.325,529780,543294,605170,519203,595879,600303,608365,656941,546991,518792,55.1756,0.057,0.049,0,1,0,0,2,20,4,Sinker,0,0,0,0,0,0,0,0,Standard,Standard
CH,8/19/18,82,-2.3875,6.1943,John Gant,592885,607231,field_out,hit_into_play,,,,,8,"Christian Yelich grounds out, second baseman Greg Garcia to first baseman Matt Carpenter.  ",R,L,R,STL,MIL,X,4,ground_ball,2,2,2018,-0.6863,0.6159,0.0963,2.0408,606115,null,null,1,3,Top,139.28,167.46,,,425877,,180819_185812,6.8975,-119.1765,-3.9838,-7.8124,22.9239,-25.8137,3.49,1.601,10,102.2,-10.808,81.645,1693,6.118,531274,607231,425877,572761,594824,576397,657557,542303,664056,641933,54.3801,0.265,0.231,0,1,0,0,2,17,5,Changeup,0,0,0,0,0,0,0,0,Strategic,Standard
FC,8/1/18,93.2,-1.8203,6.2478,Kenley Jansen,592885,445276,field_out,hit_into_play,,,,,12,"Christian Yelich grounds out softly, second baseman Brian Dozier to first baseman Cody Bellinger.  ",R,L,R,LAD,MIL,X,4,ground_ball,1,1,2018,0.6868,1.3324,1.4783,3.0823,null,null,null,1,9,Top,136.14,161.92,,,518735,,180802_045640,7.0058,-135.6297,-5.4167,7.2052,27.7125,-14.4927,3.49,1.601,98,41.3,29.4,94.25,2665,6.753,531034,445276,518735,641355,572821,592518,621035,461314,592626,624577,53.7464,0.16,0.134,0,1,0,0,1,72,3,Cutter,4,4,4,4,4,4,4,4,Strategic,Standard
FF,7/15/18,94.3,-1.5023,6.4448,Joe Musgrove,592885,605397,field_out,hit_into_play,,,,,5,"Christian Yelich grounds out sharply, second baseman Josh Harrison to first baseman Josh Bell.  ",R,L,R,PIT,MIL,X,4,ground_ball,2,2,2018,-0.694,1.0161,-0.1857,2.339,null,null,null,1,1,Top,142.93,147,,,553869,,180715_174026,4.9247,-137.1229,-7.1989,-9.7383,28.6968,-18.1341,3.422,1.5729,7,101.3,-16.702,94.092,2210,6.086,530847,605397,553869,605137,543281,592567,474568,572816,516782,570256,54.413,0.2,0.184,0,1,0,0,2,2,5,4-Seam Fastball,0,0,0,0,0,0,0,0,Standard,Standard
FF,8/24/18,91.9,-3.4364,5.784,Richard Rodriguez,592885,593144,grounded_into_double_play,hit_into_play,,,,,13,"Christian Yelich grounds into a double play, second baseman Kevin Newman to shortstop Adeiny Hechavarria to first baseman Francisco Cervelli.   Lorenzo Cain out at 2nd.  ",R,L,R,MIL,PIT,X,4,ground_ball,0,1,2018,-1.1286,1.0841,-0.2766,1.4977,null,null,456715,0,5,Bot,148.93,154.25,,,553869,,180825_014539,10.5058,-133.3102,-7.3656,-15.8422,28.7463,-17.7446,3.387,1.646,105,105.5,5.231,92.154,2290,6.621,531336,593144,553869,465041,621028,501896,588751,624428,516782,570256,53.8786,0.66,0.592,0,1,0,0,4,47,2,4-Seam Fastball,4,2,4,2,2,4,4,2,Standard,Standard
SI,7/24/18,92,-1.1367,5.9438,Brandon Kintzler,592885,445213,field_out,hit_into_play,,,,,13,"Christian Yelich grounds out, second baseman Daniel Murphy to first baseman Ryan Zimmerman.   Lorenzo Cain to 2nd.  ",R,L,R,MIL,WSH,X,4,ground_ball,1,2,2018,-1.3302,0.7133,-0.9042,2.1144,null,null,456715,1,7,Bot,142.83,156.28,,,571851,,180725_025157,3.4628,-133.8609,-5.4299,-16.713,27.8951,-22.6783,3.572,1.7127,2,66.7,-44.258,92.108,2016,6.282,530930,445213,571851,475582,502517,543685,594694,665742,572191,594809,54.2179,0.118,0.113,0,1,0,0,2,60,4,Sinker,4,4,4,4,4,4,4,4,Standard,Standard
FT,6/8/18,94,-2.3908,5.5747,Vince Velasquez,592885,592826,field_out,hit_into_play,,,,,5,"Christian Yelich grounds out, second baseman Cesar Hernandez to first baseman Carlos Santana.  ",R,L,R,PHI,MIL,X,4,ground_ball,0,1,2018,-1.3672,0.6854,-0.0563,2.5463,null,null,null,1,1,Top,149.78,150.19,,,595751,,180608_231141,9.0807,-136.5674,-3.6438,-19.108,29.4546,-22.9998,3.4461,1.5953,25,99,-4.982,94.089,2057,6.386,530351,592826,595751,467793,514917,641487,664068,608384,546318,622226,54.117,0.297,0.275,0,1,0,0,2,2,2,2-Seam Fastball,0,0,0,0,0,0,0,0,Strategic,Standard
FF,7/6/18,99.5,-2.3372,5.8084,Mike Foltynewicz,592885,592314,field_out,hit_into_play,,,,,12,"Christian Yelich grounds out, second baseman Ozzie Albies to first baseman Freddie Freeman.  ",R,L,R,MIL,ATL,X,4,ground_ball,1,2,2018,-0.7091,1.2761,1.0947,2.5186,null,null,null,1,1,Bot,143.53,149.42,,,435559,,180707_003045,10.9666,-144.3132,-6.5064,-12.3087,32.7739,-13.2538,3.366,1.5165,46,67.4,2.022,98.827,2415,6.041,530716,592314,435559,518692,645277,622666,621020,660670,542255,455976,54.4584,0.11,0.104,0,1,0,0,2,7,4,4-Seam Fastball,0,1,0,1,1,0,0,1,Standard,Standard
CH,9/2/18,88.4,-2.1866,6.6956,Jefry Rodriguez,592885,622446,force_out,hit_into_play,,,,,11,"Christian Yelich grounds into a force out, second baseman Wilmer Difo to shortstop Trea Turner.   Curtis Granderson out at 2nd.  ",R,L,R,WSH,MIL,X,4,ground_ball,0,0,2018,-1.104,0.7706,-0.8363,3.1362,null,null,434158,2,4,Top,143.34,149.68,,,571851,,180902_190309,5.6716,-128.6846,-4.265,-13.6006,26.5539,-22.8107,3.49,1.6,31,104.2,-3.368,89.165,1714,6.729,531455,622446,571851,448602,594694,543685,607208,665742,547180,594809,53.7702,0.413,0.348,0,1,0,0,2,36,1,Changeup,4,2,2,4,2,4,2,4,Standard,Standard
SL,8/25/18,91.8,-2.3302,6.0374,Jameson Taillon,592885,592791,field_out,hit_into_play,,,,,5,"Christian Yelich grounds out, second baseman Josh Harrison to first baseman Josh Bell.  ",R,L,R,MIL,PIT,X,4,ground_ball,2,0,2018,0.2363,0.9316,-0.2574,2.5093,null,null,null,2,5,Bot,152.99,151.21,,,465041,,180826_004336,4.7286,-133.641,-5.1473,1.9714,24.6081,-20.2143,3.3288,1.5878,76,94.1,3.878,92.152,2418,6.153,531351,592791,465041,605137,543281,592567,621028,572816,516782,570256,54.3466,0.536,0.462,0,1,0,0,4,41,3,Slider,1,1,1,1,1,1,1,1,Standard,Standard
FT,8/17/18,95.4,-1.5479,6.1719,Bud Norris,592885,502032,field_out,hit_into_play,,,,,11,"Christian Yelich grounds out, pitcher Bud Norris to first baseman Matt Carpenter.  ",R,L,R,STL,MIL,X,1,ground_ball,2,2,2018,-1.1298,1.0563,-1.0431,2.9169,null,542979,null,2,9,Top,128.95,181.68,,,425877,,180818_032334,3.9003,-138.8427,-5.3487,-15.5717,30.6435,-17.4428,3.49,1.601,4,71.4,-34.487,95.871,2388,6.519,531244,502032,425877,572761,543939,576397,657557,542303,664056,641933,53.9793,0.063,0.062,0,1,0,0,2,73,5,2-Seam Fastball,5,2,2,5,2,5,2,5,Standard,Standard
FT,4/24/18,92.4,-2.3115,5.7471,Blaine Boyer,592885,430641,grounded_into_double_play,hit_into_play,,,,,5,"Christian Yelich grounds into a double play, second baseman Whit Merrifield to shortstop Alcides Escobar to first baseman Lucas Duda.   Lorenzo Cain out at 2nd.  ",R,L,R,KC,MIL,X,4,ground_ball,1,0,2018,-1.215,0.5467,0.1168,2.096,null,null,456715,0,9,Top,144.36,152.22,,,521692,,180425_025449,8.6648,-134.2295,-4.6615,-16.1436,24.7257,-24.9781,3.3255,1.4774,11,109.1,-10.48,91.927,2252,5.769,529752,430641,521692,446263,593160,519058,444876,460086,445055,624585,54.7314,0.357,0.328,0,1,0,0,2,69,2,2-Seam Fastball,2,5,5,2,5,2,5,2,Standard,Standard
FF,7/7/18,90.2,0.1562,6.0541,Anibal Sanchez,592885,434671,field_out,hit_into_play,,,,,4,"Christian Yelich grounds out, pitcher Anibal Sanchez to first baseman Freddie Freeman.   Eric Thames to 2nd.  ",R,L,R,MIL,ATL,X,1,ground_ball,0,1,2018,-0.2668,1.4324,-0.2823,2.5716,null,null,519346,0,1,Bot,126.07,181.68,,,452095,,180707_203810,-0.5314,-131.2687,-5.6871,-2.9446,24.9184,-14.9606,3.3695,1.52,4,88.2,-35.391,89.748,2237,5.775,530731,434671,452095,518692,645277,622666,621020,518586,542255,455976,54.7246,0.055,0.05,0,1,0,0,2,10,2,4-Seam Fastball,0,2,0,2,2,0,0,2,Standard,Standard
CH,5/25/18,91.8,-0.5052,6.4105,Noah Syndergaard,592885,592789,field_out,hit_into_play,,,,,4,"Christian Yelich grounds out, second baseman Asdrubal Cabrera to first baseman Adrian Gonzalez.  ",R,L,R,MIL,NYM,X,4,ground_ball,2,1,2018,-1.0993,0.657,-0.5199,2.6868,null,null,null,1,5,Bot,145.35,150.03,,,519023,,180526_012959,2.333,-133.6816,-5.057,-13.7032,25.7859,-23.4722,3.3748,1.5254,23,100,-6.073,92.264,1432,6.291,530163,592789,519023,408236,452678,527038,642708,607043,624424,457803,54.208,0.323,0.302,0,1,0,0,2,39,4,Changeup,3,2,3,2,2,3,3,2,Standard,Standard
CH,6/26/18,83.5,-2.3284,5.8121,Jakob Junis,592885,596001,field_out,hit_into_play,,,,,4,"Christian Yelich grounds out, second baseman Adalberto Mondesi to first baseman Lucas Duda.  ",R,L,R,MIL,KC,X,4,ground_ball,0,1,2018,-0.7844,0.3236,-0.4161,2.6758,null,null,null,1,3,Bot,142.32,148.81,,,521692,,180627_010241,5.8277,-121.4781,-1.4752,-8.6385,20.5274,-28.9833,3.3693,1.5198,8,96.3,-18.986,82.974,1336,5.646,530589,596001,521692,446263,609275,519058,444876,460086,593160,594011,54.8529,0.165,0.159,0,1,0,0,2,23,2,Changeup,2,0,2,0,0,2,2,0,Standard,Standard
SI,8/1/18,96.2,-1.7857,5.2528,JT Chargois,592885,608638,grounded_into_double_play,hit_into_play,,,,,5,"Christian Yelich grounds into a double play, second baseman Brian Dozier to shortstop Chris Taylor to first baseman Cody Bellinger.   Lorenzo Cain out at 2nd.  ",R,L,R,LAD,MIL,X,4,ground_ball,2,1,2018,-1.4885,0.746,-0.1173,2.3904,null,444489,456715,1,7,Top,145.32,147.64,,,518735,,180802_040146,7.87,-139.9319,-3.7322,-21.487,31.1458,-21.6515,3.49,1.601,6,106.1,-22.831,96.748,2594,6.592,531034,608638,518735,641355,572821,592518,621035,461314,592626,624577,53.9068,0.223,0.202,0,1,0,0,2,51,4,Sinker,2,2,2,2,2,2,2,2,Standard,Standard
SL,5/26/18,87.5,-1.1289,6.421,Chris Flexen,592885,623167,single,hit_into_play_no_out,,,,,6,Christian Yelich singles on a ground ball to second baseman Asdrubal Cabrera.   Lorenzo Cain to 3rd.  ,R,L,R,MIL,NYM,X,null,ground_ball,2,2,2018,0.4366,0.1686,0.4942,2.1235,null,456715,null,0,7,Bot,146.9,144.09,,,519023,,180526_225948,3.0103,-127.3467,-4.5807,4.1243,24.6077,-29.6916,3.3695,1.5202,5,93.4,-22.917,87.209,2392,5.963,530178,623167,519023,408236,452678,527038,408314,607043,624424,457803,54.5359,0.123,0.095,0.9,1,1,0,2,73,5,Slider,10,6,10,6,6,10,10,6,Standard,Standard
FF,5/1/18,92.8,-2.2262,6.2912,Homer Bailey,592885,456701,field_out,hit_into_play,,,,,2,"Christian Yelich grounds out sharply, second baseman Rosell Herrera to first baseman Joey Votto.  ",R,L,R,CIN,MIL,X,4,ground_ball,1,2,2018,-0.4774,0.9942,0.2058,3.2543,null,null,null,0,3,Top,139.02,143.95,,,571466,,180501_235648,7.3168,-135.0358,-4.255,-7.3549,26.0834,-19.1569,3.3069,1.4575,28,101.8,-4.402,93.766,2100,6.607,529847,456701,571466,458015,594011,553993,606299,594807,571740,594988,53.8927,0.423,0.393,0,1,0,0,2,22,5,4-Seam Fastball,3,3,3,3,3,3,3,3,Standard,Standard
SL,7/31/18,87.4,-0.8409,6.0132,Walker Buehler,592885,621111,single,hit_into_play_no_out,,,,,9,Christian Yelich singles on a ground ball to center fielder Cody Bellinger.  ,R,L,R,LAD,MIL,X,null,ground_ball,1,0,2018,0.5241,-0.1266,0.4942,1.9046,null,null,null,0,6,Top,140.31,81.32,,,605131,,180801_032927,2.1427,-127.2527,-3.5362,5.1959,23.081,-33.1075,3.5644,1.6475,125,107.4,5.319,86.695,2683,5.55,531019,621111,605131,571970,571771,592518,621035,461314,641355,624577,54.9495,0.668,0.613,0.9,1,1,0,4,37,2,Slider,0,1,1,0,1,0,1,0,Standard,Standard
FF,7/25/18,95.3,-2.4424,5.7993,Tanner Roark,592885,543699,single,hit_into_play_no_out,,,,,7,Christian Yelich singles on a ground ball to center fielder Bryce Harper.  ,R,L,R,MIL,WSH,X,null,ground_ball,1,2,2018,-0.5086,1.2954,-0.5788,1.8527,null,null,null,1,4,Bot,159.09,95.33,,,446308,,180725_191217,5.9704,-138.5653,-7.5749,-7.7049,27.9943,-14.3038,3.55,1.72,15,111.7,-6.64,94.959,2235,5.921,530944,543699,446308,571431,502517,543685,607208,665742,547180,594809,54.578,0.368,0.336,0.9,1,1,0,2,28,4,4-Seam Fastball,0,3,0,3,3,0,0,3,Standard,Standard
FF,4/26/18,98.5,-1.9823,6.0785,Brandon Morrow,592885,453344,grounded_into_double_play,hit_into_play,,,,,7,"Christian Yelich grounds into a double play, second baseman Javier Baez to first baseman Anthony Rizzo.   Lorenzo Cain out at 2nd.  ",R,L,R,CHC,MIL,X,4,ground_ball,3,2,2018,-1.0242,1.4659,-0.4001,1.6501,null,null,456715,0,9,Top,138.74,146.22,,,575929,,180427_022526,6.6999,-143.0397,-9.9831,-15.6804,33.2539,-9.849,3.234,1.5487,7,106.8,-13.238,98.65,2545,6.505,529780,453344,575929,519203,595879,600303,608365,664023,546991,518792,53.9957,0.339,0.327,0,1,0,0,2,61,7,4-Seam Fastball,1,0,0,1,0,1,0,1,Standard,Standard
FT,4/4/18,93.6,-1.206,5.377,Carlos Martinez,592885,593372,grounded_into_double_play,hit_into_play,,,,,1,"Christian Yelich grounds into a double play, pitcher Carlos Martinez to shortstop Paul DeJong to first baseman Jose Martinez.   Eric Thames out at 2nd.  ",R,L,R,MIL,STL,X,1,ground_ball,1,0,2018,-1.4827,0.5084,-0.4033,2.893,null,null,519346,0,1,Bot,130.64,181.68,,,425877,,180404_235413,5.0674,-135.8087,-1.5954,-18.658,34.2089,-26.1331,3.3703,1.5208,5,94.4,-31.325,90.804,2145,5.094,529493,593372,425877,500874,543939,572761,657557,542303,502054,451594,55.4055,0.092,0.073,0,1,0,0,2,7,2,2-Seam Fastball,0,1,0,1,1,0,0,1,Standard,Standard
CU,6/17/18,78.9,-1.9352,4.8681,Aaron Nola,592885,605400,single,hit_into_play_no_out,,,,,5,Christian Yelich singles on a ground ball to right fielder Nick Williams.  ,R,L,R,MIL,PHI,X,null,ground_ball,1,2,2018,1.5058,-0.8185,-0.1298,2.3199,null,null,null,1,3,Bot,170.79,92.49,,,595751,,180617_190151,1.138,-114.7607,2.8177,12.9574,22.4336,-40.1231,3.3736,1.5241,120,100.7,5.75,78.565,2515,6.206,530475,605400,595751,467793,514917,596748,641487,656555,546318,608384,54.2936,0.61,0.565,0.9,1,1,0,4,22,4,Curveball,1,2,1,2,2,1,1,2,Strategic,Standard
SL,8/20/18,84.1,-2.3339,6.2599,Homer Bailey,592885,456701,field_out,hit_into_play,,,,,7,"Christian Yelich grounds out, second baseman Scooter Gennett to first baseman Brandon Dixon.  ",R,L,R,MIL,CIN,X,4,ground_ball,0,1,2018,-0.2453,0.0362,-0.5491,1.7817,null,null,null,0,3,Bot,144.36,155.78,,,571466,,180821_005558,4.6054,-122.3351,-4.0414,-3.363,24.4357,-31.2343,3.49,1.601,3,69.2,-36.166,83.808,810,6.145,531281,456701,571466,641525,571697,553993,606299,605512,571740,640447,54.3546,0.057,0.063,0,1,0,0,2,21,2,Slider,0,2,0,2,2,0,0,2,Standard,Standard
FT,5/9/18,92.2,-1.6497,5.4565,Carlos Carrasco,592885,471911,single,hit_into_play_no_out,,,,,6,Christian Yelich singles on a sharp ground ball to center fielder Bradley Zimmer.  ,R,L,R,MIL,CLE,X,null,ground_ball,1,2,2018,-1.4551,0.7467,0.8091,2.61,null,null,null,0,7,Bot,142.93,97.94,,,547379,,180509_191029,9.2896,-133.9626,-2.9856,-19.2656,28.0402,-22.8875,3.3697,1.5203,132,109.2,5.891,91.633,2207,5.962,529951,471911,547379,475174,543401,608070,596019,488726,605548,571980,54.5375,0.689,0.642,0.9,1,1,0,4,51,4,2-Seam Fastball,0,5,0,5,5,0,0,5,Standard,Standard
FF,6/18/18,90.3,-1.9504,5.5392,Trevor Williams,592885,592866,field_out,hit_into_play,,,,,2,"Christian Yelich grounds out, pitcher Trevor Williams to first baseman Josh Bell.  ",R,L,R,PIT,MIL,X,1,ground_ball,0,0,2018,-0.059,1.0015,0.2634,3.036,null,null,456715,2,3,Top,122.33,179.1,,,465041,,180618_234946,5.702,-131.5686,-2.5557,-1.7615,24.4273,-19.9341,3.3822,1.533,5,79,-30.378,91.758,2143,6.818,530484,592866,465041,605137,543281,592567,474568,572816,516782,570256,53.6814,0.06,0.059,0,1,0,0,2,19,1,4-Seam Fastball,0,0,0,0,0,0,0,0,Standard,Standard
SI,7/14/18,96.4,-1.064,6.2505,Clay Holmes,592885,605280,field_out,hit_into_play,,,,,8,"Christian Yelich grounds out sharply, pitcher Clay Holmes to first baseman Josh Bell.  ",R,L,R,PIT,MIL,X,1,ground_ball,3,2,2018,-1.1474,0.5368,-0.054,1.5635,null,null,null,0,4,Top,129.73,182.52,,,607732,,180714_210246,5.2786,-140.2696,-8.1879,-16.2988,26.1725,-23.6614,3.4205,1.5715,8,101.2,-10.395,97.098,2074,6.3,530511,605280,607732,605137,543281,501896,621559,656669,516782,570256,54.199,0.255,0.217,0,1,0,0,2,22,6,Sinker,1,0,0,1,0,1,0,1,Standard,Standard
CH,6/21/18,81.7,-2.5327,6.1121,John Gant,592885,607231,field_error,hit_into_play_score,,,,,8,Christian Yelich reaches on a throwing error by second baseman Jedd Gyorko.   Eric Thames scores.    Christian Yelich to 2nd.  ,R,L,R,MIL,STL,X,4,ground_ball,2,2,2018,-0.9854,0.639,0.0543,1.8148,519346,null,null,2,7,Bot,151.41,152.45,,,425877,,180622_022524,7.5589,-118.6129,-4.2165,-10.5144,22.6094,-25.738,3.3528,1.5033,3,96.2,-33.97,80.56,1560,5.629,530526,607231,425877,500874,576397,572761,622168,542303,502054,664056,54.8707,0.086,0.083,0.9,1,0,0,2,63,5,Changeup,10,2,10,2,2,10,10,2,Standard,Standard
FF,8/17/18,95.2,-2.5525,5.6684,Jack Flaherty,592885,656427,field_out,hit_into_play,,,,,6,"Christian Yelich grounds out, shortstop Paul DeJong to first baseman Matt Carpenter.  ",R,L,R,STL,MIL,X,6,ground_ball,1,2,2018,-0.2675,1.3304,0.7497,2.8733,null,null,null,0,1,Top,127.59,139.45,,,425877,,180818_001815,9.3402,-138.4421,-4.7565,-5.5039,29.8457,-13.9782,3.49,1.601,148,56.7,22.008,95.996,2228,6.704,531244,656427,425877,572761,543939,576397,657557,542303,664056,500874,53.7949,0.315,0.269,0,1,0,0,1,1,4,4-Seam Fastball,0,0,0,0,0,0,0,0,Standard,Standard
FF,6/26/18,91.5,-2.0989,5.4695,Jakob Junis,592885,596001,single,hit_into_play_no_out,,,,,2,Christian Yelich singles on a sharp ground ball to center fielder Whit Merrifield.  ,R,L,R,MIL,KC,X,null,ground_ball,1,1,2018,-0.5656,0.9933,-0.1407,2.8877,null,null,null,0,5,Bot,153.83,80.98,,,521692,,180627_013207,6.0837,-133.0641,-2.7234,-7.9035,28.2384,-20.2188,3.3693,1.5198,56,107,0.484,90.799,1972,5.873,530589,596001,521692,446263,609275,519058,444876,460086,593160,594011,54.6266,0.518,0.465,0.9,1,1,0,4,38,3,4-Seam Fastball,5,0,5,0,0,5,5,0,Standard,Standard
FC,6/21/18,89.7,-1.3728,5.3279,Carlos Martinez,592885,593372,field_out,hit_into_play,,,,,2,"Christian Yelich grounds out, pitcher Carlos Martinez to first baseman Jose Martinez.  ",R,L,R,MIL,STL,X,1,ground_ball,3,1,2018,-0.0183,0.3728,0.0273,2.8253,null,null,null,0,3,Bot,129.6,181.52,,,425877,,180622_004901,3.4248,-130.5498,-1.0069,-0.8465,24.5509,-28.1115,3.3695,1.52,15,94.6,-10.393,88.265,2320,5.144,530526,593372,425877,500874,576397,572761,622168,542303,502054,664056,55.3557,0.21,0.179,0,1,0,0,2,21,5,Cutter,2,1,2,1,1,2,2,1,Strategic,Standard
FF,5/25/18,98.3,-0.4792,6.5464,Noah Syndergaard,592885,592789,single,hit_into_play_score,,,,,5,Christian Yelich singles on a ground ball to center fielder Michael Conforto.   Lorenzo Cain scores.  ,R,L,R,MIL,NYM,X,null,ground_ball,1,0,2018,-0.407,1.3348,0.2144,2.2902,null,456715,null,1,3,Bot,135.66,96.12,,,519023,,180526_005341,2.8256,-143.0759,-9.2383,-6.2145,28.8288,-11.9867,3.3748,1.5254,19,109.7,-6.352,98.97,2254,6.368,530163,592789,519023,408236,452678,527038,642708,607043,624424,457803,54.1317,0.381,0.358,0.9,1,1,0,2,23,2,4-Seam Fastball,1,1,1,1,1,1,1,1,Standard,Standard
SI,6/27/18,91.7,-2.8436,5.8101,Kevin McCarthy,592885,641838,force_out,hit_into_play,,,,,4,"Christian Yelich grounds into a force out, pitcher Kevin McCarthy to shortstop Adalberto Mondesi.   Ryan Braun out at 2nd.    Christian Yelich to 1st.  ",R,L,R,MIL,KC,X,1,ground_ball,2,1,2018,-1.1835,0.4083,-0.4516,2.1821,null,null,460075,0,8,Bot,127.18,179.1,,,521692,,180627_202226,8.7105,-133.4114,-4.2917,-16.1177,25.7874,-26.54,3.4114,1.5618,10,106,-10.97,92.826,2012,6.743,530604,641838,521692,641531,593160,519058,609275,460086,444876,594011,53.7566,0.336,0.3,0,1,0,0,2,62,4,Sinker,1,5,1,5,5,1,1,5,Standard,Standard
CU,6/23/18,77.1,-2.1695,6.4301,Miles Mikolas,592885,571945,force_out,hit_into_play,,,,,7,"Cardinals challenged (force play), call on the field was overturned: Christian Yelich grounds into a force out, pitcher Miles Mikolas to shortstop Yairo Munoz.   Eric Thames out at 2nd.    Christian Yelich to 1st.  ",R,L,R,MIL,STL,X,1,ground_ball,1,2,2018,0.612,-1.16,-0.6664,1.5597,null,null,519346,0,1,Bot,125.7,203.3,,,425877,,180623_202314,2.0849,-112.1431,-1.2944,4.6405,20.9182,-41.7235,3.3738,1.5243,0,54.7,-78.393,76.1,2445,5.659,530555,571945,425877,500874,576397,572761,622168,542303,502054,664056,54.8404,0.181,0.166,0,1,0,0,1,6,4,Curveball,0,0,0,0,0,0,0,0,Standard,Standard
FF,5/14/18,90.6,-0.639,5.8946,Fernando Salas,592885,477569,single,hit_into_play_no_out,,,,,4,Christian Yelich singles on a sharp ground ball to shortstop Nick Ahmed.  ,R,L,R,ARI,MIL,X,null,ground_ball,1,2,2018,-0.192,1.6709,-0.7084,2.4933,null,null,null,1,9,Top,128.53,138.01,,,571974,,180515_042823,0.2289,-131.84,-6.0443,-2.2568,28.0437,-11.9048,3.3068,1.4584,7,104.6,-18.788,90.062,2344,5.962,530021,477569,571974,502671,606466,518614,605113,444482,572041,519306,54.5404,0.213,0.202,0.9,1,1,0,2,69,4,4-Seam Fastball,2,5,5,2,5,2,5,2,Standard,Standard
SI,5/6/18,96.5,-2.6168,5.823,Chad Kuhl,592885,641771,field_out,hit_into_play,,,,,5,"Christian Yelich grounds out sharply, pitcher Chad Kuhl to first baseman Josh Bell.  ",R,L,R,MIL,PIT,X,1,ground_ball,3,2,2018,-1.2487,1.3836,0.0737,2.327,null,null,null,1,1,Bot,130.14,181.68,,,465041,,180506_183025,9.9915,-140.1057,-6.8484,-18.7155,31.7662,-12.6083,3.333,1.6335,10,100,-12.363,96.417,2342,6.374,529923,641771,465041,605137,624428,592567,474568,572816,516782,570256,54.1248,0.265,0.251,0,1,0,0,2,8,6,Sinker,0,2,0,2,2,0,0,2,Standard,Standard
FF,9/25/18,96.2,-2.167,5.7532,Mike Mayers,592885,594577,field_out,hit_into_play,,,,,13,"Christian Yelich grounds out, pitcher Mike Mayers to first baseman Matt Adams.  ",R,L,R,STL,MIL,X,1,ground_ball,0,1,2018,-0.624,1.3265,-1.1054,2.4801,null,null,null,1,8,Top,130.14,182.7,,,425877,,180926_031059,4.2273,-139.9289,-6.1109,-9.1277,30.4486,-13.6049,3.49,1.601,7,89,-20.344,96.349,2273,6.316,531763,594577,425877,571431,543939,576397,657557,542303,664056,500874,54.1827,0.121,0.136,0,1,0,0,2,70,2,4-Seam Fastball,4,7,7,4,7,4,7,4,Standard,Standard
CH,7/9/18,92.2,-1.6647,6.0163,Jose Urena,592885,570632,force_out,hit_into_play,,,,,7,"Christian Yelich grounds into a force out, fielded by shortstop JT Riddle.   Lorenzo Cain out at 2nd.  ",R,L,R,MIA,MIL,X,6,ground_ball,0,1,2018,-1.1748,0.9585,-0.4229,1.9115,null,null,456715,2,3,Top,118.92,148.6,,,592407,,180709_235533,5.6564,-133.9797,-6.564,-15.2557,31.8536,-19.514,3.4461,1.5966,65,92,2.346,91.359,1709,6.088,530766,570632,592407,571506,516770,445988,595375,643265,457727,605119,54.4132,0.4,0.384,0,1,0,0,2,21,2,Changeup,0,1,1,0,1,0,1,0,Standard,Standard
FF,6/10/18,97.8,-2.3906,5.4895,Seranthony Dominguez,592885,622554,single,hit_into_play_no_out,,,,,7,Christian Yelich singles on a ground ball to shortstop Scott Kingery.  ,R,L,R,PHI,MIL,X,null,ground_ball,2,2,2018,0.1021,1.0573,-0.5722,1.5558,null,null,null,1,8,Top,129.29,138,,,595284,,180610_200349,4.6812,-142.3207,-7.6075,0.3804,30.9287,-16.2418,3.4125,1.5617,15,104.7,-4.916,98.322,2385,6.464,530381,622554,595284,467793,514917,641487,664068,656555,546318,608384,54.0389,0.402,0.372,0.9,1,1,0,2,60,6,4-Seam Fastball,4,2,2,4,2,4,2,4,Strategic,Standard
FF,5/28/18,97.3,-2.0491,5.8198,Mike Mayers,592885,594577,force_out,hit_into_play,,,,,7,"Christian Yelich grounds into a force out, second baseman Jedd Gyorko to shortstop Yairo Munoz.   Lorenzo Cain out at 2nd.    Christian Yelich to 1st.  ",R,L,R,MIL,STL,X,4,ground_ball,2,2,2018,-0.8712,1.3423,-0.2858,1.955,null,null,456715,0,5,Bot,149.44,151.21,,,506747,,180528_194624,6.5976,-141.36,-7.7984,-12.8644,28.6838,-13.0516,3.412,1.7627,3,86.6,-34.048,96.615,2308,5.742,530209,594577,506747,500874,576397,572761,622168,542303,502054,664056,54.7577,0.057,0.05,0,1,0,0,2,40,5,4-Seam Fastball,4,3,4,3,3,4,4,3,Standard,Standard
SI,8/24/18,94.7,-1.2144,6.1451,Edgar Santana,592885,650828,grounded_into_double_play,hit_into_play,,,,,13,"Christian Yelich grounds into a double play, shortstop Adeiny Hechavarria to first baseman Francisco Cervelli.   Lorenzo Cain out at 2nd.  ",R,L,R,MIL,PIT,X,6,ground_ball,0,0,2018,-1.3113,0.9748,-1.1995,2.3449,null,null,456715,1,7,Bot,125.06,149.68,,,553869,,180825_022917,2.8331,-137.7492,-6.286,-16.8797,29.5507,-18.9769,3.387,1.5878,82,79.2,4.47,93.527,2412,5.541,531336,650828,553869,465041,621028,501896,588751,624428,516782,570256,54.9579,0.255,0.257,0,1,0,0,2,63,1,Sinker,4,3,4,3,3,4,4,3,Standard,Standard
FT,6/3/18,94,-1.5624,6.3049,Dylan Covey,592885,592229,field_out,hit_into_play,,,,,5,"Christian Yelich grounds out sharply, shortstop Tim Anderson to first baseman Jose Abreu.  ",R,L,R,CWS,MIL,X,6,ground_ball,0,0,2018,-1.1713,0.5223,0.165,2.5961,null,null,null,1,1,Top,116.88,147.6,,,554054,,180603_181349,7.0261,-136.7035,-5.0448,-16.1099,28.7902,-24.8029,3.3912,1.5427,83,106.5,2.339,93.883,2045,6.153,530291,592229,554054,547989,660162,570560,641313,605508,641553,572204,54.3464,0.56,0.51,0,1,0,0,4,2,1,2-Seam Fastball,0,0,0,0,0,0,0,0,Standard,Standard
FF,4/4/18,96.3,-1.1452,5.4682,Carlos Martinez,592885,593372,field_out,hit_into_play,,,,,6,"Christian Yelich grounds out sharply, shortstop Paul DeJong to first baseman Jose Martinez.  ",R,L,R,MIL,STL,X,6,ground_ball,1,2,2018,-0.5047,1.3093,0.3031,2.4879,null,null,null,1,3,Bot,115.91,143.08,,,425877,,180405_002909,4.8648,-139.9548,-5.0897,-7.5431,32.6753,-14.6329,3.3742,1.5248,135,99.8,5.021,94.571,2139,5.428,529493,593372,425877,500874,543939,572761,657557,542303,502054,451594,55.0718,0.592,0.539,0,1,0,0,4,25,4,4-Seam Fastball,0,3,0,3,3,0,0,3,Standard,Standard
FF,4/3/18,89.7,-2.8002,4.7344,Jack Flaherty,592885,656427,single,hit_into_play_score,,,,,4,"Christian Yelich singles on a sharp ground ball to center fielder Tommy Pham, deflected by shortstop Paul DeJong.   Orlando Arcia scores.    Domingo Santana to 3rd.  ",R,L,R,MIL,STL,X,6,ground_ball,2,1,2018,-0.2422,1.2517,-0.3204,2.465,null,606115,570267,2,5,Bot,126.07,143.08,,,425877,,180404_012036,6.769,-130.6468,-2.3939,-4.2604,27.2234,-17.1214,3.3743,1.5248,141,108.4,4.679,91.177,2260,7.109,529481,656427,425877,500874,543939,572761,657557,542303,502054,451594,53.3906,0.678,0.618,0.9,1,1,0,4,44,4,4-Seam Fastball,0,4,0,4,4,0,0,4,Standard,Standard
FF,5/30/18,95,-1.8437,6.1857,Alex Reyes,592885,621052,field_out,hit_into_play,,,,,4,"Christian Yelich grounds out, shortstop Yairo Munoz to first baseman Jose Martinez.  ",R,L,R,MIL,STL,X,6,ground_ball,3,2,2018,-0.8493,0.871,-0.4463,2.5561,null,null,null,1,3,Bot,116.88,147.6,,,608348,,180530_182034,5.5136,-138.2617,-5.7963,-11.9772,28.4934,-20.0729,3.3695,1.5201,6,105.6,-22.871,94.911,2107,6.06,530239,621052,608348,500874,576397,572761,622168,641933,664056,451594,54.4398,0.223,0.202,0,1,0,0,2,23,7,4-Seam Fastball,0,0,0,0,0,0,0,0,Strategic,Standard
SI,8/24/18,95.7,-1.1329,6.3679,Clay Holmes,592885,605280,field_out,hit_into_play,,,,,4,"Christian Yelich grounds out, shortstop Kevin Newman to first baseman Francisco Cervelli.  ",R,L,R,MIL,PIT,X,6,ground_ball,0,1,2018,-1.2943,0.6261,-0.6652,2.631,null,null,null,0,15,Bot,120.48,146.13,,,553869,,180825_053050,4.1086,-139.3213,-5.6828,-17.6642,28.2553,-23.0847,3.4451,1.5977,21,96.4,-5.567,95.808,2034,6.109,531336,605280,553869,465041,543281,501896,621028,624428,516782,570256,54.3904,0.26,0.22,0,1,0,0,2,126,2,Sinker,4,6,4,6,6,4,4,6,Standard,Standard
FF,9/22/18,93.1,-2.1148,5.5749,Trevor Williams,592885,592866,field_error,hit_into_play_no_out,,,,,1,Christian Yelich reaches on a throwing error by shortstop Kevin Newman.  ,R,L,R,PIT,MIL,X,6,ground_ball,3,2,2018,-0.588,1.1601,-0.5077,2.9639,null,null,null,1,1,Top,107.8,151.24,,,607732,,180922_231120,5.4564,-135.5589,-3.5757,-8.4324,26.5819,-17.1291,3.49,1.601,8,98.6,-20.096,94.043,2230,6.578,531720,592866,607732,605137,624428,596012,621028,572816,516782,656669,53.9206,0.189,0.174,0.9,1,0,0,2,2,10,4-Seam Fastball,0,0,0,0,0,0,0,0,Standard,Standard
CH,7/30/18,85,-2.2069,5.7809,Kenta Maeda,592885,628317,field_out,hit_into_play,,,,,13,"Christian Yelich grounds out sharply, shortstop Chris Taylor to first baseman Max Muncy.  ",R,L,R,LAD,MIL,X,6,ground_ball,1,1,2018,-1.166,0.6093,-0.1595,1.4179,null,null,null,2,2,Top,119.41,138.51,,,518735,,180731_031302,7.0031,-123.467,-5.0761,-13.0466,22.4339,-25.3208,3.49,1.601,149,101.5,4.092,84.403,1519,5.802,531005,628317,518735,571970,400284,592518,621035,592626,641355,624577,54.6967,0.592,0.556,0,1,0,0,4,14,3,Changeup,0,1,1,0,1,0,1,0,Standard,Strategic
CH,6/12/18,84.4,-2.5029,5.3596,Tyler Chatwood,592885,543022,field_out,hit_into_play,,,,,13,"Christian Yelich grounds out, pitcher Tyler Chatwood to first baseman Anthony Rizzo.  ",R,L,R,MIL,CHC,X,1,ground_ball,1,2,2018,-0.9147,0.7303,-1.1625,2.3114,null,null,null,0,5,Bot,130.64,182.7,,,575929,,180613_015030,4.9204,-122.8809,-2.2289,-10.1686,22.1759,-24.5641,3.3736,1.5242,7,70.2,-18.629,84.632,1626,6.212,530397,543022,575929,519203,595879,592178,608365,450314,546991,518792,54.2875,0.042,0.039,0,1,0,0,2,37,4,Changeup,4,0,4,0,0,4,4,0,Standard,Standard
FT,9/1/18,93.9,-3.1946,6.4085,Justin Miller,592885,502522,field_out,hit_into_play,,,,,1,"Christian Yelich grounds out, shortstop Trea Turner to first baseman Ryan Zimmerman.  ",R,L,R,WSH,MIL,X,6,ground_ball,2,2,2018,-1.0373,1.2073,-0.6134,3.258,null,null,null,1,9,Top,113.88,154.25,,,446308,,180902_044155,8.9327,-136.4431,-5.0597,-14.8426,29.8341,-16.2867,3.516,1.5998,6,94.9,-29.201,93.629,2198,6.195,531440,502522,446308,475582,594694,543685,607208,665742,572191,547180,54.3046,0.102,0.086,0,1,0,0,2,71,6,2-Seam Fastball,5,4,4,5,4,5,4,5,Standard,Standard
CH,5/11/18,88,-1.5383,5.8632,Chad Bettis,592885,518452,field_out,hit_into_play,,,,,5,"Christian Yelich grounds out, shortstop Trevor Story to first baseman Ian Desmond.  ",R,L,R,COL,MIL,X,6,ground_ball,2,2,2018,-0.4438,0.3345,0.019,2.7986,null,null,null,0,3,Top,119.87,142.76,,,455104,,180512_012240,4.6565,-128.1191,-2.0922,-5.698,22.6937,-28.3318,3.3831,1.5352,19,106.5,-7.196,88.039,1318,5.971,529977,518452,455104,435622,518934,571448,596115,467827,453568,471865,54.5309,0.355,0.324,0,1,0,0,2,19,5,Changeup,1,2,2,1,2,1,2,1,Strategic,Standard
SL,3/31/18,86,-1.5146,5.9872,Luis Perdomo,592885,606131,single,hit_into_play_no_out,,,,,4,Christian Yelich singles on a ground ball to center fielder Manuel Margot.  ,R,L,R,SD,MIL,X,null,ground_ball,0,1,2018,0.0778,-0.0622,-0.6704,2.1985,null,null,null,1,1,Top,128.12,91.26,,,595978,,180401_004338,1.8168,-125.1239,-2.6287,0.4598,23.0708,-32.5677,3.49,1.601,12,104.1,-11.044,84.838,2207,5.352,529437,606131,595978,543333,641319,570799,520471,517369,622534,592669,55.1507,0.268,0.261,0.9,1,1,0,2,2,2,Slider,0,0,0,0,0,0,0,0,Standard,Standard
CH,5/15/18,86.8,-1.2857,6.233,Zack Greinke,592885,425844,field_out,hit_into_play,,,,,13,"Christian Yelich grounds out, shortstop Nick Ahmed to first baseman Paul Goldschmidt.  ",R,L,R,ARI,MIL,X,6,ground_ball,2,2,2018,-0.9403,0.1054,-1.0911,2.0835,null,null,null,1,6,Top,121.36,139.51,,,425772,,180516_031543,2.3252,-126.3842,-4.0059,-10.393,22.3896,-30.5567,3.3048,1.4565,12,88.8,-9.061,86.549,1706,5.807,530031,425844,425772,502671,606466,518614,605113,444482,572008,519306,54.6948,0.152,0.159,0,1,0,0,2,39,6,Changeup,1,1,1,1,1,1,1,1,Standard,Standard
FF,5/10/18,94.9,-2.4367,6.0291,German Marquez,592885,608566,single,hit_into_play_no_out,,,,,5,"Rockies challenged (play at 1st), call on the field was upheld: Christian Yelich singles on a ground ball to shortstop Trevor Story.  ",R,L,R,COL,MIL,X,null,ground_ball,0,0,2018,-0.1913,1.2921,-0.2457,2.796,null,null,null,1,4,Top,108.37,143.97,,,547172,,180511_014834,6.0284,-137.9075,-5.4892,-3.6549,29.4951,-15.28,3.3839,1.536,17,92.3,-8.25,93.347,2149,5.363,529966,608566,547172,435622,518934,571448,596115,467827,453568,621311,55.1392,0.218,0.201,0.9,1,1,0,2,32,1,4-Seam Fastball,1,2,2,1,2,1,2,1,Infield shift,Standard
CU,5/30/18,79.3,-2.2461,6.0751,John Gant,592885,607231,force_out,hit_into_play_score,,,,,4,"Christian Yelich grounds into a force out, shortstop Yairo Munoz to second baseman Jedd Gyorko.   Erik Kratz scores.    Junior Guerra to 3rd.    Lorenzo Cain out at 2nd.    Christian Yelich to 1st.  ",R,L,R,MIL,STL,X,6,ground_ball,1,2,2018,0.5706,-1.3636,-0.4545,2.3896,456124,448855,456715,1,5,Bot,116.28,142.76,,,608348,,180530_190315,2.8505,-115.3953,1.1972,4.5641,20.3845,-44.7129,3.3695,1.5201,38,106.6,-1.258,79.162,2812,6.078,530239,607231,608348,500874,576397,572761,622168,641933,664056,451594,54.4209,0.478,0.453,0,1,0,0,4,39,4,Curveball,0,0,0,0,0,0,0,0,Standard,Standard
FF,4/29/18,98.3,-2.1451,6.225,Brandon Morrow,592885,453344,field_out,hit_into_play,,,,,2,"Christian Yelich grounds out, shortstop Addison Russell to first baseman Anthony Rizzo.  ",R,L,R,CHC,MIL,X,6,ground_ball,0,2,2018,-0.6963,1.3483,-0.2169,2.806,null,null,null,0,9,Top,112.58,148.64,,,575929,,180429_205312,6.8831,-142.803,-6.9152,-11.2696,35.859,-12.1818,3.3402,1.4917,82,109.6,1.396,98.324,2359,6.602,529822,453344,575929,519203,595879,592178,608365,450314,546991,518792,53.8992,0.536,0.497,0,1,0,0,4,61,3,4-Seam Fastball,2,0,0,2,0,2,0,2,Standard,Standard
SI,9/4/18,93.7,-0.8939,5.9738,Brandon Kintzler,592885,445213,field_out,hit_into_play,,,,,13,"Christian Yelich grounds out, shortstop Addison Russell to first baseman Anthony Rizzo.   Lorenzo Cain to 3rd.  ",R,L,R,MIL,CHC,X,6,ground_ball,1,0,2018,-1.3268,0.7489,-0.4496,1.1881,null,456715,null,0,5,Bot,113.85,150.03,,,575929,,180905_014036,4.1166,-136.1929,-8.296,-17.5205,30.7407,-21.1457,3.49,1.6,9,81,-6.81,93.944,1903,6.558,531479,445213,575929,519203,595879,623520,608365,592178,546991,450314,53.9415,0.126,0.124,0,1,0,0,2,38,2,Sinker,2,1,2,1,1,2,2,1,Standard,Standard
SL,6/11/18,86,-1.1411,5.8072,Anthony Bass,592885,542914,grounded_into_double_play,hit_into_play,,,,,5,"Christian Yelich grounds into a double play, shortstop Addison Russell to first baseman Anthony Rizzo.   Lorenzo Cain out at 2nd.  ",R,L,R,MIL,CHC,X,6,ground_ball,1,1,2018,0.5572,-0.0892,0.1083,2.3986,null,null,456715,0,11,Bot,125.86,150.09,,,575929,,180612_040856,1.841,-125.1749,-1.6853,5.4079,23.7718,-33.0073,3.3736,1.5242,5,99,-25.721,85.365,2264,5.731,530389,542914,575929,519203,595879,592178,608365,450314,546991,518792,54.7679,0.144,0.126,0,1,0,0,2,86,3,Slider,2,7,2,7,7,2,2,7,Standard,Standard
FT,4/21/18,96,-1.766,5.8452,Jose Urena,592885,570632,field_out,hit_into_play,,,,,4,"Christian Yelich grounds out sharply, shortstop Miguel Rojas to first baseman Justin Bour.  ",R,L,R,MIL,MIA,X,6,ground_ball,2,1,2018,-1.4729,0.964,-0.7234,2.3139,456715,null,null,2,3,Bot,111.85,149.17,,,592407,,180422_000248,6.0642,-139.6121,-5.8799,-20.533,32.716,-18.5178,3.3684,1.6329,36,103.9,-2.037,95.665,2133,6.221,529712,570632,592407,571506,516770,605119,500743,518618,621446,457727,54.2786,0.434,0.413,0,1,0,0,4,26,4,2-Seam Fastball,1,4,1,4,4,1,1,4,Standard,Standard
SI,7/9/18,85.8,-3.0469,3.0793,Brad Ziegler,592885,446899,single,hit_into_play_no_out,,,,,4,Christian Yelich singles on a ground ball to left fielder Derek Dietrich.   Lorenzo Cain to 3rd.    Christian Yelich to 2nd on the throw.  ,R,L,R,MIA,MIL,X,null,ground_ball,0,0,2018,-0.9195,-0.9178,-0.8239,2.3137,null,null,456715,0,10,Top,93.48,85.61,,,592407,,180710_022624,6.9401,-124.3755,6.185,-10.6834,25.0593,-42.9441,3.4461,1.5966,68,101.7,1.675,84.357,1910,5.571,530766,446899,592407,500743,516770,592680,595375,518618,457727,605119,54.9303,0.513,0.474,0.9,1,1,0,4,80,1,Sinker,3,3,3,3,3,3,3,3,Standard,Standard
FT,9/15/18,88.6,-2.7799,6.1299,Ivan Nova,592885,467100,single,hit_into_play_no_out,,,,,13,Christian Yelich singles on a ground ball to third baseman Colin Moran.   Curtis Granderson to 2nd.  ,R,L,R,MIL,PIT,X,null,ground_ball,2,2,2018,-1.5169,0.5085,-0.1721,1.0016,null,null,434158,2,3,Bot,114.9,161.87,,,465041,,180915_235923,9.4862,-128.5651,-7.4602,-18.7168,26.4828,-25.2372,3.49,1.601,43,68.9,3.694,88.299,2122,6.242,531629,467100,465041,605137,624428,592567,621028,572816,516782,656669,54.2573,0.168,0.14,0.9,1,1,0,2,22,6,2-Seam Fastball,1,1,1,1,1,1,1,1,Standard,Standard
FT,7/9/18,96.7,-1.7966,5.9216,Jose Urena,592885,570632,single,hit_into_play_no_out,,,,,13,Christian Yelich singles on a ground ball to left fielder Garrett Cooper.  ,R,L,R,MIA,MIL,X,null,ground_ball,2,2,2018,-1.3252,0.86,-0.611,1.4295,null,null,null,2,1,Top,97.11,98.33,,,592407,,180709_231606,6.2016,-140.4821,-8.3831,-19.0144,31.577,-19.0621,3.4461,1.5966,26,94.2,-1.645,96.876,2022,6.464,530766,570632,592407,571506,516770,445988,595375,643265,457727,605119,54.0366,0.318,0.293,0.9,1,1,0,2,3,5,2-Seam Fastball,0,0,0,0,0,0,0,0,Standard,Standard
FT,8/31/18,92.7,-2.403,5.9962,Tanner Roark,592885,543699,field_out,hit_into_play,,,,,11,"Christian Yelich grounds out sharply, shortstop Trea Turner to first baseman Ryan Zimmerman.  ",R,L,R,WSH,MIL,X,6,ground_ball,2,2,2018,-0.8462,1.2973,-1.0182,2.8065,null,null,null,0,3,Top,103.99,140.19,,,446308,,180831_235855,5.2692,-134.7421,-5.0561,-11.1981,28.571,-15.8902,3.49,1.6,27,106.9,-3.36,91.646,2126,5.662,531425,543699,446308,475582,594694,543685,607208,665742,547180,594809,54.8372,0.476,0.432,0,1,0,0,4,21,5,2-Seam Fastball,1,3,3,1,3,1,3,1,Standard,Standard
FF,7/11/18,93.9,-1.4029,6.2917,Drew Steckenrider,592885,608716,force_out,hit_into_play,,,,,12,"Christian Yelich grounds into a force out, shortstop JT Riddle to second baseman Starlin Castro.   Eric Thames to 3rd.    Lorenzo Cain out at 2nd.    Christian Yelich to 1st.  ",R,L,R,MIA,MIL,X,6,ground_ball,0,2,2018,-0.7947,1.4588,0.2198,3.9974,null,519346,456715,0,8,Top,115.57,153.24,,,592407,,180712_020130,5.9194,-136.6281,-3.3972,-11.1736,30.3965,-13.5547,3.4491,1.5997,29,76.1,-4.886,93.531,2271,6.099,530793,608716,592407,500743,516770,445988,595375,643265,457727,605119,54.4015,0.102,0.101,0,1,0,0,2,63,3,4-Seam Fastball,4,2,2,4,2,4,2,4,Standard,Standard
CH,6/9/18,88,-3.5647,5.8358,Jake Arrieta,592885,453562,field_out,hit_into_play,,,,,13,"Christian Yelich grounds out, third baseman J.  P.   Crawford to first baseman Carlos Santana.   Lorenzo Cain to 2nd.  ",R,L,R,PHI,MIL,X,5,ground_ball,3,2,2018,-0.876,-0.0089,-1.112,2.4394,null,null,456715,0,3,Top,110.77,160.39,,,595751,,180609_174808,7.7476,-127.9581,-2.0947,-11.1996,26.8097,-32.0551,3.4454,1.5946,5,96.2,-22.295,87.819,1500,6.255,530366,453562,595751,467793,514917,641487,664068,656555,546318,571437,54.2481,0.163,0.156,0,1,0,0,2,18,6,Changeup,0,2,2,0,2,0,2,0,Standard,Standard
FF,5/18/18,94.1,-2.0497,5.8698,Matt Magill,592885,543483,single,hit_into_play,,,,,2,"Christian Yelich singles on a ground ball to left fielder Eddie Rosario.  Lorenzo Cain out at home on the throw, left fielder Eddie Rosario to catcher Bobby Wilson.  ",R,L,R,MIN,MIL,X,7,ground_ball,1,2,2018,-0.561,1.4211,0.1016,3.1279,null,456715,null,2,8,Top,90.24,117.67,,,435064,,180519_023241,6.9028,-136.9017,-4.6226,-8.7025,31.0316,-13.2421,3.4694,1.6001,28,95.9,-4.363,94.78,2157,6.757,530070,543483,435064,489149,572821,500871,501303,592696,621439,596146,53.7422,0.3,0.282,0.9,1,1,0,2,66,4,4-Seam Fastball,1,7,7,1,7,1,7,1,Strategic,Strategic
FF,5/5/18,96.2,-2.0274,6.0657,Jameson Taillon,592885,592791,field_out,hit_into_play,,,,,3,"Christian Yelich grounds out, third baseman Colin Moran to first baseman Josh Bell.   Lorenzo Cain to 2nd.  ",R,L,R,MIL,PIT,X,5,ground_ball,0,1,2018,-0.4227,1.3657,0.4274,3.3654,null,null,456715,0,1,Bot,115.91,163.9,,,465041,,180505_231718,7.4853,-139.9707,-4.7306,-7.1445,28.7934,-13.2858,3.367,1.5176,7,67.9,-23.749,96.759,2261,6.416,529908,592791,465041,605137,624428,592567,474568,572816,516782,570256,54.0833,0.044,0.044,0,1,0,0,2,5,2,4-Seam Fastball,0,0,0,0,0,0,0,0,Standard,Standard
SL,6/23/18,87.1,-2.4879,6.4006,Miles Mikolas,592885,571945,field_out,hit_into_play,,,,,6,"Christian Yelich grounds out, third baseman Matt Carpenter to first baseman Jose Martinez.  ",R,L,R,MIL,STL,X,5,ground_ball,0,1,2018,0.4231,0.3092,0.6172,2.6104,null,null,null,0,3,Bot,110.83,159.11,,,425877,,180623_211217,6.543,-126.7083,-3.5903,3.3323,22.7843,-28.4479,3.3738,1.5243,7,77.7,-19.179,86.719,2419,5.795,530555,571945,425877,500874,576397,572761,622168,542303,502054,664056,54.7045,0.052,0.057,0,1,0,0,2,25,2,Slider,2,1,2,1,1,2,2,1,Standard,Standard
FT,6/17/18,93.6,-1.971,4.8267,Aaron Nola,592885,605400,field_out,hit_into_play,,,,,2,"Phillies challenged (play at 1st), call on the field was overturned: Christian Yelich grounds out sharply, third baseman Maikel Franco to first baseman Carlos Santana.  ",R,L,R,MIL,PHI,X,5,ground_ball,3,2,2018,-1.272,0.6001,-0.2104,2.8239,null,null,null,0,5,Bot,112.04,151.24,,,595751,,180617_194835,7.3982,-136.1231,-0.6996,-17.5711,32.8933,-24.7848,3.3736,1.5241,9,105.7,-17.436,93.555,2027,6.524,530475,605400,595751,467793,514917,596748,641487,656555,546318,608384,53.9751,0.286,0.245,0,1,0,0,2,39,6,2-Seam Fastball,2,4,2,4,4,2,2,4,Strategic,Standard
SL,6/3/18,88.2,-1.8532,6.2318,Dylan Covey,592885,592229,field_error,hit_into_play_score,,,,,3,"Christian Yelich reaches on a force attempt, fielding error by third baseman Yolmer Sanchez.   Manny Pina scores.    Orlando Arcia to 3rd.    Lorenzo Cain to 2nd.  ",R,L,R,CWS,MIL,X,5,ground_ball,0,1,2018,0.4717,0.113,0.4985,3.2693,444489,606115,456715,1,5,Top,112.04,174.25,,,554054,,180603_192358,4.6999,-128.3393,-1.4036,4.2645,23.0703,-30.9226,3.5169,1.6685,4,68.6,-34.637,87.414,2216,5.503,530291,592229,554054,547989,660162,570560,641313,605508,641553,572204,54.9964,0.073,0.056,0.9,1,0,0,2,33,2,Slider,0,0,0,0,0,0,0,0,Strategic,Standard
FT,7/7/18,98.6,-1.3393,5.5241,Arodys Vizcaino,592885,527055,field_out,hit_into_play,,,,,8,"Christian Yelich grounds out sharply, third baseman Johan Camargo to first baseman Freddie Freeman.  ",R,L,R,MIL,ATL,X,5,ground_ball,3,2,2018,-1.2927,0.788,-0.0271,1.8336,null,542340,null,2,8,Bot,112.36,170,,,452095,,180707_225638,6.3958,-143.2812,-6.2911,-18.8286,31.4822,-20.4104,3.4531,1.6036,4,107.8,-20.65,97.487,2303,5.625,530731,527055,452095,518692,645277,622666,621020,518586,542255,455976,54.8742,0.247,0.227,0,1,0,0,2,66,7,2-Seam Fastball,1,5,1,5,5,1,1,5,Standard,Standard
SL,9/24/18,83.1,-2.8648,5.298,Jack Flaherty,592885,656427,grounded_into_double_play,hit_into_play,,,,,6,"Christian Yelich grounds into a double play, third baseman Jedd Gyorko to shortstop Paul DeJong to first baseman Matt Carpenter.   Lorenzo Cain out at 2nd.  ",R,L,R,STL,MIL,X,5,ground_ball,2,1,2018,0.5312,0.294,0.579,2.2556,null,null,456715,0,1,Top,105.75,167.46,,,425877,,180925_002046,6.8868,-120.9589,-1.1121,3.975,22.9363,-29.2331,3.49,1.601,51,58.4,6.169,83.784,null,6.66,531748,656427,425877,572761,622168,576397,657557,542303,664056,500874,53.8383,0.136,0.13,0,1,0,0,1,2,4,Slider,0,0,0,0,0,0,0,0,Standard,Standard
FF,8/18/18,96.6,-1.8524,6.6173,Miles Mikolas,592885,571945,field_out,hit_into_play,,,,,9,"Christian Yelich grounds out, third baseman Jedd Gyorko to first baseman Matt Carpenter.  ",R,L,R,STL,MIL,X,5,ground_ball,1,2,2018,-0.6438,1.0242,0.3932,2.1708,null,null,null,0,1,Top,110.15,165.43,,,425877,,180818_231806,7.4232,-140.2942,-8.5656,-10.1485,31.4977,-16.9746,3.4846,1.6243,19,93.9,-4.59,96.414,2351,6.273,531259,571945,425877,572761,543939,576397,657557,542303,664056,641933,54.2259,0.247,0.231,0,1,0,0,2,1,5,4-Seam Fastball,0,0,0,0,0,0,0,0,Standard,Standard
SL,9/15/18,82.8,-1.7699,5.6738,Kyle Crick,592885,605195,fielders_choice_out,hit_into_play,,,,,6,"Christian Yelich reaches on a fielder's choice out, third baseman Colin Moran to shortstop Kevin Newman to pitcher Kyle Crick to second baseman Adam Frazier.   Eric Thames out at 3rd.  ",R,L,R,MIL,PIT,X,5,ground_ball,1,2,2018,1.7154,-0.1306,0.3434,2.4579,null,519346,null,1,8,Bot,98.91,165.32,,,607732,,180916_014510,1.5773,-120.2996,-0.5468,15.6275,24.8845,-33.5656,3.49,1.601,108,69.8,9.642,80.916,3254,5.24,531629,605195,607732,605137,624428,592567,621028,572816,516782,656669,55.2591,0.294,0.268,0,1,0,0,2,60,4,Slider,1,3,1,3,3,1,1,3,Standard,Standard
SI,6/5/18,92.9,-1.8704,4.9678,Corey Kluber,592885,446372,field_out,hit_into_play,,,,,3,"Christian Yelich grounds out, third baseman Jose Ramirez to first baseman Yonder Alonso.  ",R,L,R,CLE,MIL,X,5,ground_ball,1,1,2018,-1.2326,0.3913,0.2948,2.8679,null,null,456715,2,5,Top,106.77,165.43,,,543228,,180606_003846,8.1423,-135.0108,-0.4201,-16.6475,29.5988,-27.6,3.4206,1.5711,5,99.3,-30.57,92.212,2448,5.964,530312,446372,543228,475174,543401,608070,596019,488726,656185,502082,54.5351,0.118,0.098,0,1,0,0,2,37,3,Sinker,3,1,1,3,1,3,1,3,Standard,Standard
FF,9/3/18,93,-1.3726,5.2199,Jesse Chavez,592885,445926,force_out,hit_into_play_score,,,,,11,"Christian Yelich grounds into a force out, fielded by third baseman Kris Bryant.   Keon Broxton scores.    Orlando Arcia out at 3rd.    Lorenzo Cain to 2nd.    Christian Yelich to 1st.  ",R,L,R,MIL,CHC,X,5,ground_ball,1,2,2018,-0.7428,1.1232,-0.0239,3.6434,542979,606115,456715,1,9,Bot,103.72,159.33,,,575929,,180903_212409,5.0087,-135.4071,-0.7457,-10.0122,25.9683,-18.556,3.2992,1.5582,68,95.4,1.131,92.734,2308,5.828,531464,445926,575929,519203,623520,592178,595879,664023,546991,450314,54.6711,0.431,0.397,0,1,0,0,2,73,4,4-Seam Fastball,3,3,3,3,3,3,3,3,Strategic,Strategic
SI,7/10/18,92.4,-3.4857,5.482,Ben Meyer,592885,656738,double,hit_into_play_score,,,,,11,Christian Yelich doubles (14) on a ground ball to left fielder Derek Dietrich.   Erik Kratz scores.    Jonathan Villar scores.    Christian Yelich to 3rd on the throw.  ,R,L,R,MIA,MIL,X,null,ground_ball,1,2,2018,-1.2353,0.9503,-0.7246,3.754,null,456124,542340,2,9,Top,31.76,102.95,,,592407,,180711_020716,9.9602,-134.4109,-0.7175,-17.5514,29.254,-20.3571,3.4615,1.6121,85,91.2,2.048,93.801,2341,7.143,530778,656738,592407,643265,516770,500743,595375,518618,457727,605119,53.3581,0.392,0.384,1.25,1,1,1,2,74,5,Sinker,4,6,6,4,6,4,6,4,Standard,Standard
FT,7/26/18,90.8,-1.8924,6.0616,Chris Stratton,592885,608717,double,hit_into_play_no_out,,,,,5,Christian Yelich doubles (19) on a ground ball to left fielder Hunter Pence.  ,R,L,R,SF,MIL,X,null,ground_ball,1,1,2018,-0.5071,0.9928,0.2052,2.5653,null,null,null,1,9,Top,77.51,148.81,,,460026,,180727_051415,6.3293,-132.2126,-5.0289,-7.1574,24.4733,-19.715,3.3303,1.9138,28,98.8,-3.734,91.297,2425,6.259,530949,608717,460026,596103,488818,446334,543063,452254,621453,457705,54.2384,0.321,0.286,1.25,1,1,1,2,73,3,2-Seam Fastball,3,4,4,3,4,3,4,3,Standard,Standard
FS,7/7/18,81.9,-0.0081,5.8557,Anibal Sanchez,592885,434671,field_out,hit_into_play,,,,,7,"Christian Yelich grounds out softly, third baseman Johan Camargo to first baseman Freddie Freeman.  ",R,L,R,MIL,ATL,X,5,ground_ball,1,0,2018,-1.0601,0.7601,-0.2942,1.7127,null,null,null,2,6,Bot,98.08,165.78,,,452095,,180707_215342,1.4016,-119.3525,-4.3474,-10.4479,20.8417,-24.2931,3.3695,1.5199,4,53.9,-27.558,82.436,1622,6.361,530731,434671,452095,518692,645277,622666,621020,518586,542255,455976,54.1388,0.063,0.053,0,1,0,0,1,45,2,Split Finger,0,2,0,2,2,0,0,2,Standard,Standard
FF,5/27/18,96.9,-1.4613,5.7152,Zack Wheeler,592885,554430,single,hit_into_play_no_out,,,,,3,"Christian Yelich singles on a ground ball to third baseman Wilmer Flores.  Lorenzo Cain advances to 3rd, on a throwing error by third baseman Wilmer Flores.  ",R,L,R,MIL,NYM,X,5,ground_ball,1,1,2018,-0.5423,1.1129,0.6287,3.4183,null,null,456715,0,3,Bot,110.83,169.49,,,621512,,180527_190532,6.8965,-141.065,-3.2273,-8.8394,30.1058,-16.5489,3.3871,1.7629,3,69.9,-51.58,97.96,2334,6.724,530193,554430,621512,408236,452678,527038,642708,430832,624424,457803,53.775,0.147,0.113,0.9,1,1,0,2,27,3,4-Seam Fastball,1,4,1,4,4,1,1,4,Standard,Standard
SI,8/29/18,90.2,-1.967,5.0456,Raisel Iglesias,592885,628452,single,hit_into_play_no_out,,,,,13,Christian Yelich singles on a soft ground ball to third baseman Eugenio Suarez.  ,R,L,R,CIN,MIL,X,null,ground_ball,1,1,2018,-1.2981,0.0229,-1.1498,1.6419,null,null,null,2,9,Top,107.71,173.47,,,571466,,180830_031216,4.7926,-131.3625,-2.5875,-16.0282,26.9085,-31.5873,3.49,1.601,2,66.5,-36.641,90.446,1742,6.32,531399,628452,571466,592200,571697,553993,606299,640447,592863,594988,54.1795,0.068,0.064,0.9,1,1,0,2,87,3,Sinker,11,11,11,11,11,11,11,11,Standard,Standard